"","Order","PID","MS_SubClass","MS_Zoning","Lot_Frontage","Lot_Area","Street","Alley","Lot_Shape","Land_Contour","Utilities","Lot_Config","Land_Slope","Neighborhood","Condition_1","Condition_2","Bldg_Type","House_Style","Overall_Qual","Overall_Cond","Year_Built","Year_Remod.Add","Roof_Style","Roof_Matl","Exterior_1st","Exterior_2nd","Mas_Vnr_Type","Mas_Vnr_Area","Exter_Qual","Exter_Cond","Foundation","Bsmt_Qual","Bsmt_Cond","Bsmt_Exposure","BsmtFin_Type_1","BsmtFin_SF_1","BsmtFin_Type_2","BsmtFin_SF_2","Bsmt_Unf_SF","Total_Bsmt_SF","Heating","Heating_QC","Central_Air","Electrical","X1st_Flr_SF","X2nd_Flr_SF","Low_Qual_Fin_SF","Gr_Liv_Area","Bsmt_Full_Bath","Bsmt_Half_Bath","Full_Bath","Half_Bath","Bedroom_AbvGr","Kitchen_AbvGr","Kitchen_Qual","TotRms_AbvGrd","Functional","Fireplaces","Fireplace_Qu","Garage_Type","Garage_Yr_Blt","Garage_Finish","Garage_Cars","Garage_Area","Garage_Qual","Garage_Cond","Paved_Drive","Wood_Deck_SF","Open_Porch_SF","Enclosed_Porch","X3Ssn_Porch","Screen_Porch","Pool_Area","Pool_QC","Fence","Misc_Feature","Misc_Val","Mo_Sold","Yr_Sold","Sale_Type","Sale_Condition"
"492",1,528292040,60,"RL",NA,24682,"Pave",NA,"IR3","Lvl","AllPub","CulDSac","Gtl","Gilbert","RRAn","Norm","1Fam","2Story",6,5,1999,1999,"Gable","CompShg","VinylSd","VinylSd","None",0,"TA","TA","PConc","Gd","TA","No","Unf",0,"Unf",0,841,841,"GasA","Ex","Y","SBrkr",892,783,0,1675,0,0,2,1,3,1,"TA",7,"Typ",1,"TA","BuiltIn",1999,"Fin",2,502,"TA","TA","Y",0,103,0,0,0,0,NA,NA,NA,0,6,2009,"WD ","Normal"
"2367",2,527450210,160,"RM",21,1953,"Pave",NA,"Reg","Lvl","AllPub","Inside","Gtl","BrDale","Norm","Norm","Twnhs","2Story",6,5,1973,1973,"Gable","CompShg","HdBoard","HdBoard","BrkFace",408,"TA","TA","CBlock","TA","Fa","No","BLQ",309,"Unf",0,174,483,"GasA","TA","Y","SBrkr",483,504,0,987,0,0,1,1,2,1,"TA",5,"Typ",0,NA,"Detchd",1973,"Unf",1,264,"TA","TA","Y",72,0,0,0,0,0,NA,NA,NA,0,6,2006,"WD ","Normal"
"1126",3,528478040,60,"FV",85,10625,"Pave",NA,"Reg","Lvl","AllPub","Inside","Gtl","Somerst","Norm","Norm","1Fam","2Story",7,5,2005,2005,"Gable","CompShg","CemntBd","CmentBd","None",0,"Gd","TA","PConc","Gd","TA","No","Unf",0,"Unf",0,1026,1026,"GasA","Ex","Y","SBrkr",1026,932,0,1958,0,0,2,1,3,1,"Gd",9,"Typ",1,"Gd","Attchd",2005,"Fin",3,936,"TA","TA","Y",154,210,0,0,0,0,NA,NA,NA,0,7,2008,"WD ","Normal"
"958",4,916380070,20,"RL",89,12898,"Pave",NA,"IR1","HLS","AllPub","Inside","Gtl","Timber","Norm","Norm","1Fam","1Story",9,5,2007,2008,"Hip","CompShg","VinylSd","VinylSd","Stone",70,"Gd","TA","PConc","Ex","TA","Gd","GLQ",1022,"Unf",0,598,1620,"GasA","Ex","Y","SBrkr",1620,0,0,1620,1,0,2,0,2,1,"Ex",6,"Typ",1,"Ex","Attchd",2008,"Fin",3,912,"TA","TA","Y",228,0,0,0,0,0,NA,NA,NA,0,9,2009,"WD ","Normal"
"1760",5,528294010,60,"RL",59,9649,"Pave",NA,"IR1","Lvl","AllPub","Inside","Gtl","Gilbert","Norm","Norm","1Fam","2Story",6,5,1999,2000,"Gable","CompShg","VinylSd","VinylSd","None",0,"TA","TA","PConc","Gd","TA","No","Unf",0,"Unf",0,941,941,"GasA","Ex","Y","SBrkr",961,683,0,1644,0,0,2,1,3,1,"TA",7,"Typ",1,"TA","Attchd",1999,"RFn",2,460,"TA","TA","Y",460,42,0,0,0,0,NA,NA,NA,0,5,2007,"WD ","Normal"
"1767",6,528348030,60,"RL",83,10790,"Pave",NA,"Reg","Lvl","AllPub","Inside","Gtl","NoRidge","Norm","Norm","1Fam","2Story",7,5,1998,1998,"Gable","CompShg","VinylSd","VinylSd","BrkFace",275,"Gd","TA","PConc","Gd","TA","No","Unf",0,"Unf",0,1066,1066,"GasA","Ex","Y","SBrkr",1108,1277,0,2385,0,0,2,1,4,1,"Gd",8,"Typ",1,"TA","BuiltIn",1998,"Fin",3,600,"TA","TA","Y",120,38,0,0,0,0,NA,NA,NA,0,5,2007,"WD ","Normal"
"364",7,527166010,60,"RL",NA,10762,"Pave",NA,"IR1","Lvl","AllPub","CulDSac","Gtl","Gilbert","Norm","Norm","1Fam","2Story",7,5,1999,1999,"Gable","CompShg","VinylSd","VinylSd","None",344,"Gd","TA","PConc","Gd","TA","No","GLQ",694,"Unf",0,284,978,"GasA","Ex","Y","SBrkr",1005,978,0,1983,0,0,2,1,3,1,"Gd",9,"Typ",1,"TA","Attchd",1999,"Fin",2,490,"TA","TA","Y",0,0,0,0,0,0,NA,NA,NA,0,5,2009,"WD ","Normal"
"860",8,907227080,20,"RL",60,7200,"Pave",NA,"Reg","Low","AllPub","Inside","Gtl","CollgCr","Norm","Norm","1Fam","1Story",5,5,1972,1972,"Hip","CompShg","MetalSd","MetalSd","None",0,"TA","TA","CBlock","TA","TA","Av","Rec",777,"Unf",0,117,894,"GasA","TA","Y","SBrkr",894,0,0,894,0,0,1,0,2,1,"TA",6,"Typ",0,NA,"Detchd",1985,"RFn",2,600,"TA","TA","Y",215,0,0,0,0,0,NA,NA,NA,0,9,2009,"WD ","Normal"
"1686",9,528102090,20,"RL",90,11694,"Pave",NA,"Reg","Lvl","AllPub","Inside","Gtl","NridgHt","Norm","Norm","1Fam","1Story",9,5,2007,2007,"Hip","CompShg","CemntBd","CmentBd","BrkFace",452,"Ex","TA","PConc","Ex","TA","Av","GLQ",48,"Unf",0,1774,1822,"GasA","Ex","Y","SBrkr",1828,0,0,1828,0,0,2,0,3,1,"Gd",9,"Typ",1,"Gd","Attchd",2007,"Unf",3,774,"TA","TA","Y",0,108,0,0,260,0,NA,NA,NA,0,7,2007,"New","Partial"
"1843",10,533213130,160,"FV",24,2280,"Pave","Pave","Reg","Lvl","AllPub","Inside","Gtl","Somerst","Norm","Norm","Twnhs","2Story",6,5,1999,1999,"Gable","CompShg","MetalSd","MetalSd","BrkFace",342,"TA","TA","PConc","Gd","TA","No","GLQ",565,"Unf",0,179,744,"GasA","Gd","Y","SBrkr",757,744,0,1501,1,0,2,1,3,1,"TA",6,"Typ",1,"TA","Detchd",1999,"Unf",2,440,"TA","TA","Y",0,0,0,0,0,0,NA,NA,NA,0,9,2007,"WD ","Normal"
"1493",11,908128050,85,"RL",90,10012,"Pave",NA,"Reg","Lvl","AllPub","Inside","Gtl","Edwards","Norm","Norm","1Fam","SFoyer",4,5,1972,1972,"Gable","CompShg","Plywood","Plywood","None",0,"TA","TA","CBlock","Gd","TA","Av","BLQ",920,"Rec",180,38,1138,"GasA","TA","Y","SBrkr",1181,0,0,1181,1,0,2,0,3,1,"TA",6,"Typ",0,NA,"Detchd",1974,"RFn",2,588,"TA","TA","Y",0,0,180,0,0,0,NA,"MnPrv",NA,0,4,2008,"WD ","Normal"
"1472",12,907295100,90,"RM",83,10126,"Pave",NA,"Reg","Lvl","AllPub","Corner","Gtl","CollgCr","Norm","Norm","Duplex","SFoyer",6,5,1997,1998,"Gable","CompShg","VinylSd","VinylSd","None",0,"TA","Gd","PConc","Gd","TA","Gd","GLQ",1593,"LwQ",162,83,1838,"GasA","Ex","Y","SBrkr",1838,0,0,1838,2,0,2,0,2,2,"TA",8,"Typ",0,NA,"Attchd",1998,"Unf",3,721,"TA","TA","Y",160,67,0,0,0,0,NA,NA,NA,0,7,2008,"WD ","Abnorml"
"1557",13,911102180,50,"C (all)",52,5150,"Pave",NA,"Reg","Lvl","AllPub","Corner","Gtl","IDOTRR","Feedr","Norm","1Fam","1.5Fin",4,7,1910,2000,"Gable","CompShg","Plywood","Plywood","None",0,"TA","TA","PConc","Po","TA","No","Unf",0,"Unf",0,356,356,"GasA","TA","N","FuseA",671,378,0,1049,0,0,1,0,2,1,"TA",5,"Typ",0,NA,"Detchd",1910,"Unf",1,195,"Po","Fa","N",0,0,0,0,0,0,NA,NA,NA,0,5,2008,"WD ","Normal"
"1624",14,527162080,60,"RL",63,7875,"Pave",NA,"Reg","Lvl","AllPub","Inside","Gtl","Gilbert","Norm","Norm","1Fam","2Story",7,5,1996,1996,"Gable","CompShg","HdBoard","HdBoard","None",0,"Gd","TA","PConc","Gd","TA","No","Rec",414,"Unf",0,277,691,"GasA","Gd","Y","SBrkr",691,862,0,1553,0,0,2,1,3,1,"Gd",6,"Typ",0,NA,"Attchd",1996,"Fin",2,420,"TA","TA","Y",0,44,0,0,0,0,NA,NA,NA,0,8,2007,"WD ","Normal"
"2532",15,534201130,80,"RL",75,9750,"Pave",NA,"Reg","Lvl","AllPub","Inside","Gtl","NAmes","Norm","Norm","1Fam","SLvl",5,5,1967,1967,"Gable","CompShg","VinylSd","VinylSd","None",0,"TA","TA","PConc","TA","TA","Av","ALQ",400,"Rec",480,100,980,"GasA","Gd","Y","SBrkr",980,0,0,980,0,0,2,0,3,1,"TA",6,"Typ",0,NA,"Attchd",1967,"Fin",1,384,"TA","TA","Y",68,0,0,0,0,0,NA,NA,NA,0,10,2006,"WD ","Normal"
"2420",16,528228280,120,"RL",43,3087,"Pave",NA,"Reg","Lvl","AllPub","Inside","Gtl","Blmngtn","Norm","Norm","TwnhsE","1Story",7,5,2006,2006,"Gable","CompShg","VinylSd","VinylSd","BrkFace",14,"Gd","TA","PConc","Gd","TA","Av","GLQ",453,"Unf",0,767,1220,"GasA","Ex","Y","SBrkr",1364,0,0,1364,1,0,2,0,2,1,"Gd",6,"Typ",1,"Gd","Attchd",2006,"Fin",2,437,"TA","TA","Y",100,16,0,0,0,0,NA,NA,NA,0,11,2006,"New","Partial"
"325",17,923204150,90,"RL",94,9400,"Pave",NA,"Reg","Low","AllPub","Corner","Gtl","Mitchel","Norm","Norm","Duplex","2Story",6,5,1971,1971,"Mansard","CompShg","MetalSd","Wd Shng","None",0,"TA","TA","CBlock","TA","TA","Av","Unf",0,"Unf",0,912,912,"GasA","TA","Y","SBrkr",912,912,0,1824,0,0,2,2,4,2,"TA",8,"Typ",0,NA,NA,NA,NA,0,0,NA,NA,"Y",128,0,0,0,0,0,NA,NA,NA,0,4,2010,"WD ","Normal"
"2050",18,905100080,85,"RL",75,11235,"Pave",NA,"Reg","Lvl","AllPub","Inside","Gtl","Sawyer","Norm","Norm","1Fam","SFoyer",5,5,1964,1980,"Gable","CompShg","HdBoard","HdBoard","BrkFace",30,"TA","TA","CBlock","Gd","TA","Av","BLQ",785,"Unf",0,635,1420,"GasA","Gd","Y","SBrkr",1452,0,0,1452,1,0,1,0,2,1,"TA",6,"Min2",1,"TA","Detchd",1964,"Unf",2,572,"TA","TA","Y",92,0,88,0,0,0,NA,NA,NA,0,11,2007,"WD ","Normal"
"2614",19,535403200,20,"RL",60,7332,"Pave",NA,"Reg","Lvl","AllPub","Inside","Gtl","NAmes","Norm","Norm","1Fam","1Story",6,6,1959,1959,"Gable","CompShg","WdShing","Wd Shng","BrkFace",207,"TA","TA","CBlock","TA","TA","No","BLQ",414,"Unf",0,450,864,"GasA","Ex","Y","SBrkr",864,0,0,864,1,0,1,0,2,1,"Gd",4,"Typ",0,NA,"Attchd",1959,"Unf",1,288,"TA","TA","Y",168,0,0,0,0,0,NA,NA,NA,0,10,2006,"WD ","Abnorml"
"813",20,906226120,90,"RL",64,7018,"Pave",NA,"Reg","Lvl","AllPub","Inside","Gtl","SawyerW","Feedr","Norm","Duplex","2Story",5,5,1979,1979,"Gable","CompShg","Plywood","Plywood","None",0,"TA","TA","Slab",NA,NA,NA,NA,0,NA,0,0,0,"GasA","TA","Y","SBrkr",1120,1120,0,2240,0,0,2,0,6,2,"TA",12,"Typ",0,NA,"Detchd",1979,"Unf",2,528,"TA","TA","Y",154,0,0,0,0,0,NA,NA,NA,0,6,2009,"WD ","Alloca"
"663",21,535383060,30,"RL",90,5400,"Pave",NA,"Reg","Lvl","AllPub","Inside","Gtl","OldTown","Artery","Norm","1Fam","1Story",2,5,1940,1950,"Gable","CompShg","Stucco","Stucco","None",0,"Fa","TA","PConc","Fa","TA","No","Unf",0,"Unf",0,416,416,"GasA","Gd","N","FuseA",599,0,0,599,1,0,1,0,2,1,"Gd",4,"Typ",0,NA,NA,NA,NA,0,0,NA,NA,"N",0,81,0,0,0,0,NA,NA,NA,0,6,2009,"WD ","Normal"
"45",22,528150070,20,"RL",100,12919,"Pave",NA,"IR1","Lvl","AllPub","Inside","Gtl","NridgHt","Norm","Norm","1Fam","1Story",9,5,2009,2010,"Hip","CompShg","VinylSd","VinylSd","Stone",760,"Ex","TA","PConc","Ex","TA","Gd","GLQ",2188,"Unf",0,142,2330,"GasA","Ex","Y","SBrkr",2364,0,0,2364,1,0,2,1,2,1,"Ex",11,"Typ",2,"Gd","Attchd",2009,"Fin",3,820,"TA","TA","Y",0,67,0,0,0,0,NA,NA,NA,0,3,2010,"New","Partial"
"375",23,527352150,60,"RL",NA,13250,"Pave",NA,"IR1","Lvl","AllPub","Inside","Gtl","NWAmes","RRNn","Norm","1Fam","2Story",7,6,1978,1978,"Gable","CompShg","HdBoard","HdBoard","BrkFace",256,"TA","TA","CBlock","Gd","TA","No","Unf",0,"Unf",0,832,832,"GasA","TA","Y","SBrkr",1154,896,0,2050,0,0,2,1,4,1,"Gd",8,"Typ",1,"TA","Attchd",1978,"RFn",2,529,"TA","TA","Y",192,192,0,0,0,0,NA,NA,NA,0,5,2009,"WD ","Abnorml"
"271",24,907401090,20,"RL",48,10635,"Pave",NA,"IR2","Lvl","AllPub","FR2","Gtl","CollgCr","Norm","Norm","1Fam","1Story",8,5,2003,2003,"Hip","CompShg","VinylSd","VinylSd","BrkFace",171,"Gd","TA","PConc","Gd","TA","Av","BLQ",370,"GLQ",972,315,1657,"GasA","Ex","Y","SBrkr",1668,0,0,1668,1,0,2,0,3,1,"Gd",8,"Typ",1,"TA","Attchd",2003,"Fin",2,502,"TA","TA","Y",0,262,0,0,0,0,NA,NA,NA,0,5,2010,"WD ","Normal"
"688",25,535475010,60,"RL",76,7570,"Pave",NA,"Reg","Lvl","AllPub","Corner","Gtl","NAmes","Norm","Norm","1Fam","2Story",6,5,1964,1964,"Gable","CompShg","HdBoard","HdBoard","BrkFace",420,"TA","TA","CBlock","TA","TA","No","Unf",0,"Unf",0,780,780,"GasA","TA","Y","SBrkr",993,813,0,1806,0,0,1,1,4,1,"TA",8,"Typ",0,NA,"Attchd",1964,"Unf",2,483,"TA","TA","Y",0,55,0,0,0,0,NA,NA,NA,0,3,2009,"WD ","Normal"
"2300",26,923252080,20,"RL",69,7599,"Pave",NA,"Reg","Lvl","AllPub","Corner","Gtl","Mitchel","Norm","Norm","1Fam","1Story",4,6,1982,2006,"Gable","CompShg","HdBoard","Plywood","None",0,"TA","TA","CBlock","TA","TA","No","ALQ",565,"Unf",0,280,845,"GasA","TA","Y","SBrkr",845,0,0,845,1,0,1,0,2,1,"TA",4,"Typ",0,NA,"Detchd",1987,"Unf",2,360,"TA","TA","Y",0,0,0,0,0,0,NA,NA,NA,0,6,2007,"WD ","Normal"
"1740",27,528222080,60,"RL",64,7713,"Pave",NA,"Reg","Lvl","AllPub","Inside","Gtl","Gilbert","Norm","Norm","1Fam","2Story",7,5,2007,2007,"Gable","CompShg","VinylSd","VinylSd","Stone",16,"Gd","TA","PConc","Gd","TA","No","Unf",0,"Unf",0,728,728,"GasA","Ex","Y","SBrkr",728,728,0,1456,0,0,2,1,3,1,"Gd",7,"Typ",0,NA,"Attchd",2007,"Fin",2,400,"TA","TA","Y",100,24,0,0,0,0,NA,NA,NA,0,7,2007,"New","Partial"
"2643",28,902108060,70,"RM",66,3960,"Pave","Grvl","Reg","Lvl","AllPub","Inside","Gtl","OldTown","Norm","Norm","1Fam","2Story",7,8,1930,1950,"Gable","CompShg","Wd Sdng","Wd Sdng","None",0,"TA","TA","BrkTil","TA","TA","No","Unf",0,"Unf",0,502,502,"GasA","TA","N","SBrkr",502,502,0,1004,0,0,1,0,2,1,"Gd",5,"Typ",1,"Po","Detchd",1930,"Unf",1,200,"Fa","TA","N",280,0,68,0,0,0,NA,"MnPrv",NA,0,7,2006,"WD ","Normal"
"1625",29,527162090,20,"RL",63,7875,"Pave",NA,"Reg","Lvl","AllPub","Inside","Gtl","Gilbert","Norm","Norm","1Fam","1Story",7,5,1995,1996,"Gable","CompShg","HdBoard","HdBoard","BrkFace",38,"TA","TA","PConc","Gd","Gd","No","Unf",0,"Unf",0,1237,1237,"GasA","Gd","Y","SBrkr",1253,0,0,1253,0,0,2,0,3,1,"TA",6,"Typ",1,"TA","Attchd",1995,"Fin",2,402,"TA","TA","Y",220,21,0,0,0,0,NA,NA,NA,0,6,2007,"WD ","Normal"
"2194",30,908276230,20,"RL",60,8190,"Pave",NA,"Reg","Lvl","AllPub","Inside","Gtl","Edwards","Norm","Norm","1Fam","1Story",4,6,1954,1954,"Hip","CompShg","Wd Sdng","Wd Sdng","None",0,"TA","TA","CBlock","TA","TA","No","Rec",732,"Unf",0,216,948,"GasA","Ex","Y","SBrkr",948,0,0,948,1,0,1,0,3,1,"TA",5,"Typ",1,"TA","Detchd",1956,"Unf",1,280,"TA","TA","Y",0,36,0,0,0,0,NA,NA,NA,0,10,2007,"WD ","Normal"
"1098",31,528294060,60,"RL",77,8390,"Pave",NA,"IR1","Lvl","AllPub","Inside","Gtl","Gilbert","Norm","Norm","1Fam","2Story",7,5,1999,1999,"Gable","CompShg","VinylSd","VinylSd","None",0,"TA","TA","PConc","Gd","TA","No","Unf",0,"Unf",0,831,831,"GasA","Ex","Y","SBrkr",873,778,0,1651,0,0,2,1,3,1,"TA",7,"Typ",1,"TA","BuiltIn",1999,"Fin",2,450,"TA","TA","Y",0,103,0,0,0,0,NA,NA,NA,0,5,2008,"WD ","Normal"
"1081",32,528228345,120,"RL",NA,3940,"Pave",NA,"Reg","Lvl","AllPub","Inside","Gtl","Blmngtn","Norm","Norm","TwnhsE","1Story",7,5,2003,2003,"Gable","CompShg","VinylSd","VinylSd","BrkFace",143,"Gd","TA","PConc","Gd","TA","Gd","GLQ",1073,"Unf",0,342,1415,"GasA","Ex","Y","SBrkr",1455,0,0,1455,1,0,2,0,2,1,"Gd",6,"Typ",1,"TA","Attchd",2003,"Fin",3,644,"TA","TA","Y",156,20,0,0,144,0,NA,NA,NA,0,8,2008,"WD ","Normal"
"493",33,528292070,60,"RL",NA,8755,"Pave",NA,"IR1","Lvl","AllPub","FR2","Gtl","Gilbert","RRNn","Norm","1Fam","2Story",7,5,1999,1999,"Gable","CompShg","VinylSd","VinylSd","BrkFace",298,"Gd","TA","PConc","Gd","TA","No","ALQ",772,"Unf",0,220,992,"GasA","Ex","Y","SBrkr",1022,1038,0,2060,1,0,2,1,3,1,"Gd",8,"Typ",1,"TA","BuiltIn",1999,"RFn",2,390,"TA","TA","Y",0,0,0,168,0,0,NA,"GdPrv",NA,0,6,2009,"WD ","Normal"
"1311",34,902301140,70,"RM",34,4571,"Pave","Grvl","Reg","Lvl","AllPub","Inside","Gtl","OldTown","Norm","Norm","1Fam","2Story",5,5,1916,1950,"Gable","CompShg","AsbShng","AsbShng","None",0,"TA","TA","BrkTil","TA","TA","No","Unf",0,"Unf",0,624,624,"GasA","Fa","N","SBrkr",624,720,0,1344,0,0,1,0,4,1,"TA",7,"Typ",0,NA,"Detchd",1916,"Unf",3,513,"Fa","Fa","Y",0,0,96,0,0,0,NA,NA,NA,0,5,2008,"COD","Abnorml"
"748",35,903400220,75,"RL",NA,11888,"Pave","Pave","IR1","Bnk","AllPub","Inside","Gtl","BrkSide","PosN","Norm","1Fam","2.5Unf",6,6,1916,1994,"Gable","CompShg","Wd Sdng","Wd Shng","None",0,"TA","TA","BrkTil","TA","TA","No","Unf",0,"Unf",0,844,844,"GasA","Gd","N","FuseA",1445,689,0,2134,0,0,2,0,5,1,"Gd",10,"Typ",0,NA,"Detchd",1930,"Unf",2,441,"TA","TA","Y",0,60,268,0,0,0,NA,NA,NA,0,7,2009,"WD ","Normal"
"972",36,923203110,120,"RM",32,4500,"Pave",NA,"Reg","Lvl","AllPub","FR2","Gtl","Mitchel","Norm","Norm","TwnhsE","1Story",6,5,1998,1998,"Hip","CompShg","VinylSd","VinylSd","BrkFace",320,"TA","TA","PConc","Ex","TA","No","GLQ",866,"Unf",0,338,1204,"GasA","Ex","Y","SBrkr",1204,0,0,1204,1,0,2,0,2,1,"TA",5,"Typ",0,NA,"Attchd",1998,"Fin",2,412,"TA","TA","Y",0,247,0,0,0,0,NA,NA,NA,0,6,2009,"WD ","Normal"
"2576",37,535176050,20,"RL",80,11600,"Pave",NA,"Reg","Lvl","AllPub","Inside","Gtl","NAmes","Norm","Norm","1Fam","1Story",6,5,1960,1960,"Hip","CompShg","Wd Sdng","Wd Sdng","BrkFace",175,"TA","TA","CBlock","TA","TA","No","Rec",565,"Unf",0,818,1383,"GasA","TA","Y","SBrkr",1383,0,0,1383,0,0,1,1,3,1,"TA",7,"Typ",0,NA,"Attchd",1960,"RFn",1,292,"TA","TA","Y",0,45,0,0,0,0,NA,NA,NA,0,4,2006,"WD ","Normal"
"584",38,534128020,60,"RL",NA,12732,"Pave",NA,"IR1","Lvl","AllPub","CulDSac","Gtl","NWAmes","PosN","Norm","1Fam","2Story",7,6,1974,1974,"Gable","CompShg","VinylSd","VinylSd","None",0,"TA","TA","CBlock","TA","TA","Mn","GLQ",560,"LwQ",42,150,752,"GasA","TA","Y","SBrkr",1285,782,0,2067,0,0,2,1,3,1,"Gd",7,"Typ",2,"TA","Attchd",1974,"RFn",2,784,"TA","TA","Y",297,40,0,0,0,0,NA,NA,NA,0,6,2009,"WD ","Normal"
"1674",39,527427160,120,"RH",33,4113,"Pave",NA,"IR1","Lvl","AllPub","Inside","Gtl","NAmes","Norm","Norm","TwnhsE","1Story",6,5,2001,2001,"Gable","CompShg","MetalSd","MetalSd","None",0,"Gd","TA","PConc","Gd","TA","Mn","Unf",0,"Unf",0,1337,1337,"GasA","Ex","Y","SBrkr",1337,0,0,1337,0,0,2,0,2,1,"Gd",5,"Typ",1,"TA","Attchd",2001,"Fin",2,511,"TA","TA","Y",136,68,0,0,0,0,NA,NA,NA,0,7,2007,"WD ","Normal"
"600",40,534275060,20,"RL",60,7436,"Pave",NA,"Reg","Lvl","AllPub","Inside","Gtl","NAmes","Norm","Norm","1Fam","1Story",4,7,1960,1960,"Gable","CompShg","VinylSd","VinylSd","None",0,"TA","TA","CBlock","TA","TA","No","ALQ",734,"Unf",0,160,894,"GasA","Gd","Y","SBrkr",894,0,0,894,1,0,1,0,2,1,"TA",5,"Typ",1,"Po","Detchd",1988,"Unf",2,396,"TA","TA","Y",0,0,0,360,0,0,NA,"GdWo",NA,0,8,2009,"WD ","Normal"
"2911",41,923225260,160,"RM",42,3964,"Pave",NA,"Reg","Lvl","AllPub","Inside","Gtl","MeadowV","Norm","Norm","TwnhsE","2Story",6,4,1973,1973,"Gable","CompShg","CemntBd","CmentBd","None",0,"TA","TA","CBlock","Gd","TA","No","ALQ",837,"Unf",0,105,942,"GasA","Gd","Y","SBrkr",1291,1230,0,2521,1,0,2,1,5,1,"TA",10,"Maj1",1,"Gd","Attchd",1973,"Fin",2,576,"TA","TA","Y",728,20,0,0,0,0,NA,"GdPrv",NA,0,6,2006,"WD ","Normal"
"2273",42,916477060,60,"RL",NA,11800,"Pave",NA,"IR1","Lvl","AllPub","Inside","Gtl","Timber","Norm","Norm","1Fam","2Story",7,5,2003,2004,"Gable","CompShg","VinylSd","VinylSd","BrkFace",94,"Gd","TA","PConc","Gd","TA","Gd","GLQ",766,"Unf",0,356,1122,"GasA","Ex","Y","SBrkr",1146,1340,0,2486,1,0,3,1,5,1,"Gd",10,"Typ",1,"Gd","BuiltIn",2003,"Fin",2,452,"TA","TA","Y",143,32,0,0,0,0,NA,NA,NA,0,7,2007,"WD ","Normal"
"499",43,528344100,60,"RL",98,12203,"Pave",NA,"IR1","Lvl","AllPub","Corner","Gtl","NoRidge","Norm","Norm","1Fam","2Story",8,5,1998,1999,"Hip","CompShg","VinylSd","VinylSd","BrkFace",975,"Gd","TA","PConc","Gd","TA","No","GLQ",854,"Unf",0,371,1225,"GasA","Ex","Y","SBrkr",1276,1336,0,2612,1,0,2,1,4,1,"Gd",8,"Typ",1,"TA","Attchd",1998,"Fin",3,676,"TA","TA","Y",250,0,0,0,0,0,NA,NA,NA,0,7,2009,"WD ","Normal"
"1646",44,527302020,80,"RL",78,12090,"Pave",NA,"Reg","Lvl","AllPub","Inside","Gtl","NWAmes","Norm","Norm","1Fam","SLvl",6,7,1984,2003,"Hip","CompShg","VinylSd","VinylSd","BrkFace",74,"TA","TA","CBlock","Gd","TA","No","Unf",0,"Unf",0,585,585,"GasA","Ex","Y","SBrkr",1140,728,0,1868,0,0,3,1,3,1,"TA",7,"Typ",1,"TA","BuiltIn",1984,"Fin",2,477,"TA","TA","Y",268,112,0,0,147,0,NA,NA,NA,0,1,2007,"WD ","Abnorml"
"1208",45,534400030,20,"RL",80,8700,"Pave",NA,"Reg","Lvl","AllPub","Inside","Gtl","NAmes","Norm","Norm","1Fam","1Story",5,6,1963,1963,"Hip","CompShg","MetalSd","MetalSd","BrkFace",148,"TA","Gd","CBlock","TA","TA","Mn","ALQ",776,"Unf",0,344,1120,"GasA","Gd","Y","SBrkr",1128,0,0,1128,1,0,2,0,3,1,"TA",6,"Typ",0,NA,"Attchd",1963,"RFn",2,525,"TA","TA","Y",192,20,123,0,0,0,NA,"MnPrv",NA,0,12,2008,"WD ","Normal"
"771",46,905103040,60,"RL",70,11184,"Pave",NA,"Reg","Lvl","AllPub","Inside","Gtl","Sawyer","Norm","Norm","1Fam","2Story",6,5,1978,1978,"Hip","CompShg","HdBoard","HdBoard","BrkFace",92,"TA","TA","CBlock","TA","TA","No","LwQ",226,"Rec",500,192,918,"GasA","Gd","Y","SBrkr",918,765,0,1683,0,0,2,1,3,1,"TA",7,"Typ",1,"TA","Attchd",1978,"RFn",2,440,"TA","TA","Y",243,0,0,0,0,0,NA,NA,NA,0,7,2009,"WD ","Normal"
"138",47,535126040,20,"RL",137,16492,"Pave",NA,"IR1","Lvl","AllPub","Corner","Gtl","NAmes","PosA","Norm","1Fam","1Story",6,6,1966,2002,"Gable","CompShg","BrkFace","Plywood","None",0,"Gd","TA","CBlock","TA","TA","No","ALQ",247,"Rec",713,557,1517,"GasA","Ex","Y","SBrkr",1888,0,0,1888,0,0,2,1,2,1,"Gd",6,"Mod",1,"Gd","Attchd",1966,"Fin",2,578,"TA","TA","Y",0,0,0,0,0,0,NA,NA,NA,0,6,2010,"WD ","Normal"
"298",48,909452114,80,"RL",85,19645,"Pave",NA,"IR1","Lvl","AllPub","FR2","Gtl","Crawfor","Norm","Norm","1Fam","SLvl",7,6,1994,2007,"Gable","CompShg","VinylSd","VinylSd","BrkFace",44,"TA","TA","PConc","Gd","TA","No","GLQ",343,"Unf",0,80,423,"GasA","Ex","Y","SBrkr",896,756,0,1652,1,0,2,1,3,1,"Gd",6,"Typ",0,NA,"BuiltIn",1994,"RFn",2,473,"TA","TA","Y",0,0,0,0,0,0,NA,NA,NA,0,6,2010,"WD ","Normal"
"904",49,909101100,50,"RL",45,8212,"Pave","Grvl","Reg","Lvl","AllPub","Inside","Gtl","Edwards","Norm","Norm","1Fam","1.5Fin",5,6,1941,1950,"Gable","CompShg","Wd Sdng","Wd Sdng","None",0,"TA","TA","CBlock","TA","TA","No","Rec",626,"Unf",0,94,720,"GasA","Ex","Y","SBrkr",854,444,0,1298,0,0,1,0,3,1,"TA",6,"Typ",2,"Gd","Detchd",1940,"Unf",1,256,"TA","TA","Y",84,0,0,0,0,0,NA,NA,NA,0,9,2009,"WD ","Normal"
"2308",50,526302120,20,"RL",NA,11765,"Pave",NA,"IR1","Lvl","AllPub","Corner","Gtl","NAmes","Norm","Norm","1Fam","1Story",5,5,1957,1957,"Gable","CompShg","Wd Sdng","Wd Sdng","Stone",302,"TA","TA","CBlock","TA","TA","Mn","Rec",1127,"Unf",0,490,1617,"GasA","Fa","Y","SBrkr",1797,0,0,1797,0,0,1,1,3,1,"TA",7,"Typ",1,"TA","Attchd",1957,"Unf",3,963,"TA","TA","Y",0,0,0,0,0,0,NA,NA,NA,0,6,2006,"WD ","Normal"
"660",51,535378120,30,"RL",60,10230,"Pave","Grvl","Reg","Lvl","AllPub","Inside","Gtl","OldTown","Norm","Norm","1Fam","1Story",5,7,1925,1950,"Gable","CompShg","MetalSd","MetalSd","None",0,"TA","TA","BrkTil","TA","TA","No","Unf",0,"Unf",0,1054,1054,"GasA","Ex","Y","SBrkr",1078,0,0,1078,0,0,1,0,3,1,"Ex",6,"Typ",0,NA,"Detchd",1987,"Unf",1,264,"TA","TA","N",0,0,0,0,112,0,NA,"GdWo",NA,0,12,2009,"WD ","Normal"
"613",52,534429150,80,"RL",85,11475,"Pave",NA,"Reg","Lvl","AllPub","Corner","Gtl","NAmes","Norm","Norm","1Fam","SLvl",6,6,1961,1961,"Hip","CompShg","HdBoard","HdBoard","BrkFace",90,"TA","TA","CBlock","TA","TA","Gd","ALQ",568,"Unf",0,640,1208,"GasA","Ex","Y","SBrkr",1576,0,0,1576,1,0,1,0,4,1,"Gd",7,"Typ",1,"Po","BuiltIn",1961,"Fin",2,368,"TA","TA","Y",85,0,0,0,0,0,NA,NA,NA,0,9,2009,"WD ","Normal"
"2525",53,534126060,80,"RL",102,10192,"Pave",NA,"IR1","Lvl","AllPub","Inside","Gtl","NWAmes","Norm","Norm","1Fam","SLvl",7,6,1968,1992,"Gable","CompShg","MetalSd","MetalSd","BrkFace",143,"TA","TA","CBlock","TA","TA","No","Unf",0,"Unf",0,570,570,"GasA","Gd","Y","SBrkr",1222,698,0,1920,0,0,3,0,4,1,"Gd",8,"Typ",1,"TA","Attchd",1968,"RFn",2,487,"TA","TA","Y",0,98,0,0,0,0,NA,"GdPrv",NA,0,9,2006,"WD ","Normal"
"2858",54,909275230,70,"RL",60,9550,"Pave",NA,"IR1","Lvl","AllPub","Corner","Gtl","Crawfor","Norm","Norm","1Fam","2Story",7,5,1915,1970,"Gable","CompShg","Wd Sdng","Wd Shng","None",0,"TA","TA","BrkTil","TA","Gd","No","ALQ",216,"Unf",0,540,756,"GasA","Gd","Y","SBrkr",961,756,0,1717,1,0,1,0,3,1,"Gd",7,"Typ",1,"Gd","Detchd",1998,"Unf",3,642,"TA","TA","Y",0,35,272,0,0,0,NA,NA,NA,0,2,2006,"WD ","Abnorml"
"2429",55,528228575,120,"RL",53,3982,"Pave",NA,"Reg","Lvl","AllPub","Inside","Gtl","Blmngtn","Norm","Norm","TwnhsE","1Story",8,5,2006,2006,"Hip","CompShg","VinylSd","VinylSd","None",0,"Gd","TA","PConc","Gd","Gd","Av","GLQ",1154,"Unf",0,366,1520,"GasA","Ex","Y","SBrkr",1567,0,0,1567,1,0,2,0,1,1,"Ex",7,"Typ",1,"Gd","Attchd",2006,"Fin",3,648,"TA","TA","Y",312,0,0,0,0,0,NA,NA,NA,0,10,2006,"New","Partial"
"2618",56,535425080,60,"RL",NA,18275,"Pave",NA,"IR1","HLS","AllPub","Inside","Gtl","NAmes","Norm","Norm","1Fam","2Story",7,8,1962,1998,"Gable","CompShg","Plywood","Plywood","None",0,"TA","TA","CBlock","TA","TA","Gd","ALQ",636,"Unf",0,802,1438,"GasA","TA","Y","SBrkr",1900,548,0,2448,1,0,3,0,3,1,"TA",9,"Typ",2,"Gd","Attchd",1962,"RFn",2,441,"TA","TA","Y",520,102,0,0,0,0,NA,NA,NA,0,9,2006,"WD ","Normal"
"1353",57,903401020,50,"RL",60,9120,"Pave","Pave","Reg","Lvl","AllPub","Inside","Gtl","BrkSide","Norm","Norm","1Fam","1.5Fin",7,6,1925,1950,"Gable","CompShg","Wd Sdng","Wd Sdng","None",0,"TA","Gd","PConc","TA","TA","No","Rec",329,"Unf",0,697,1026,"GasA","Ex","Y","SBrkr",1133,687,0,1820,1,0,2,0,4,1,"TA",8,"Typ",0,NA,"Detchd",1925,"Unf",1,240,"TA","TA","N",0,100,0,0,0,0,NA,"GdPrv",NA,0,6,2008,"WD ","Normal"
"644",58,535303150,20,"RL",79,10634,"Pave",NA,"Reg","Lvl","AllPub","Inside","Gtl","NAmes","Norm","Norm","1Fam","1Story",5,6,1953,1953,"Gable","CompShg","MetalSd","MetalSd","None",0,"TA","TA","PConc","TA","TA","No","BLQ",428,"LwQ",180,0,608,"GasA","TA","Y","SBrkr",1319,0,0,1319,1,0,1,0,3,1,"TA",5,"Min2",0,NA,"Attchd",1953,"Unf",1,270,"TA","TA","Y",66,0,0,0,0,0,NA,"GdWo",NA,0,11,2009,"WD ","Normal"
"367",59,527214050,20,"RL",63,17423,"Pave",NA,"IR1","Lvl","AllPub","CulDSac","Gtl","StoneBr","Norm","Norm","1Fam","1Story",9,5,2008,2009,"Hip","CompShg","VinylSd","VinylSd","Stone",748,"Ex","TA","PConc","Ex","TA","No","GLQ",1904,"Unf",0,312,2216,"GasA","Ex","Y","SBrkr",2234,0,0,2234,1,0,2,0,1,1,"Ex",9,"Typ",1,"Gd","Attchd",2009,"Fin",3,1166,"TA","TA","Y",0,60,0,0,0,0,NA,NA,NA,0,7,2009,"New","Partial"
"802",60,906201130,50,"RL",79,12327,"Pave",NA,"IR1","Low","AllPub","Inside","Mod","SawyerW","Norm","Norm","1Fam","1.5Fin",8,8,1983,2009,"Gable","CompShg","Wd Sdng","Wd Sdng","None",0,"Gd","TA","CBlock","Gd","TA","Gd","GLQ",1441,"Unf",0,55,1496,"GasA","Ex","Y","SBrkr",1496,636,0,2132,1,0,1,1,1,1,"Gd",5,"Min2",1,"Gd","BuiltIn",1983,"Fin",2,612,"Gd","TA","Y",349,40,0,0,0,0,NA,NA,NA,0,9,2009,"WD ","Normal"
"2344",61,527302080,50,"RL",NA,13837,"Pave",NA,"IR1","Lvl","AllPub","Corner","Gtl","NWAmes","Norm","Norm","1Fam","1.5Fin",7,5,1988,1988,"Gable","CompShg","HdBoard","HdBoard","BrkFace",178,"Gd","Gd","PConc","Gd","Gd","No","GLQ",1002,"LwQ",202,0,1204,"GasA","Gd","Y","SBrkr",1377,806,0,2183,0,0,2,1,4,1,"Gd",9,"Typ",0,NA,"Attchd",1988,"Unf",3,786,"TA","TA","Y",0,0,0,0,0,0,NA,NA,NA,0,2,2006,"WD ","Normal"
"166",62,535457010,20,"RL",87,10000,"Pave",NA,"IR1","Lvl","AllPub","Corner","Gtl","NAmes","Norm","Norm","1Fam","1Story",6,6,1962,1962,"Hip","CompShg","Wd Sdng","Wd Sdng","BrkFace",261,"TA","TA","CBlock","TA","TA","No","Unf",0,"Unf",0,1116,1116,"GasA","TA","Y","SBrkr",1116,0,0,1116,0,0,1,1,3,1,"TA",5,"Typ",0,NA,"Attchd",1962,"Unf",2,440,"TA","TA","Y",0,0,0,0,385,0,NA,NA,NA,0,2,2010,"WD ","Normal"
"2304",63,923400150,20,"RL",63,10712,"Pave",NA,"Reg","Lvl","AllPub","Inside","Gtl","Mitchel","Norm","Norm","1Fam","1Story",5,5,1991,1992,"Gable","CompShg","HdBoard","HdBoard","None",0,"TA","TA","PConc","Gd","TA","Mn","BLQ",212,"Unf",0,762,974,"GasA","TA","Y","SBrkr",974,0,0,974,0,0,1,0,3,1,"TA",5,"Typ",0,NA,NA,NA,NA,0,0,NA,NA,"Y",0,28,0,0,0,0,NA,"MnPrv",NA,0,9,2007,"Oth","Abnorml"
"299",64,909455030,120,"RM",35,3907,"Pave",NA,"IR1","HLS","AllPub","Inside","Mod","Blueste","Norm","Norm","TwnhsE","1Story",8,6,1989,1989,"Gable","CompShg","HdBoard","HdBoard","None",0,"Gd","TA","CBlock","Gd","TA","Gd","GLQ",747,"Unf",0,235,982,"GasA","Gd","Y","SBrkr",1034,0,0,1034,1,0,1,0,1,1,"Gd",4,"Typ",1,"TA","Attchd",1989,"Fin",2,598,"TA","TA","Y",141,36,0,0,0,0,NA,NA,NA,0,4,2010,"WD ","Normal"
"2199",65,909251030,30,"RL",54,7223,"Pave",NA,"Reg","Lvl","AllPub","Inside","Gtl","Crawfor","Norm","Norm","1Fam","1Story",5,5,1926,1950,"Hip","CompShg","Stucco","Plywood","None",0,"TA","TA","PConc","TA","TA","Mn","BLQ",319,"Unf",0,971,1290,"GasA","TA","Y","SBrkr",1422,0,0,1422,0,0,1,0,3,1,"TA",6,"Typ",0,NA,"Detchd",1973,"Unf",1,352,"TA","TA","Y",0,0,64,0,0,0,NA,"MnPrv",NA,0,4,2007,"WD ","Normal"
"872",66,907275140,20,"RL",NA,12782,"Pave",NA,"Reg","Lvl","AllPub","Inside","Gtl","CollgCr","Norm","Norm","1Fam","1Story",8,5,2002,2003,"Hip","CompShg","HdBoard","HdBoard","BrkFace",164,"Gd","TA","PConc","Ex","TA","Gd","GLQ",1360,"Unf",0,462,1822,"GasA","Ex","Y","SBrkr",1828,0,0,1828,1,0,2,0,3,1,"Gd",7,"Typ",1,"Gd","Attchd",2002,"Fin",2,523,"TA","TA","Y",194,144,0,0,0,0,NA,NA,NA,0,6,2009,"WD ","Normal"
"2205",67,909254100,70,"RL",53,7155,"Pave",NA,"Reg","Lvl","AllPub","Inside","Gtl","Crawfor","Norm","Norm","1Fam","2Story",6,8,1926,1991,"Gable","CompShg","Wd Sdng","Wd Sdng","None",0,"TA","TA","BrkTil","TA","TA","No","Unf",0,"Unf",0,686,686,"GasA","TA","Y","SBrkr",686,775,0,1461,0,0,1,0,3,1,"TA",6,"Typ",1,"Gd","Detchd",1926,"Unf",1,225,"TA","TA","N",0,0,116,0,0,0,NA,"MnPrv",NA,0,7,2007,"WD ","Normal"
"1547",68,910202050,30,"RM",40,3636,"Pave",NA,"Reg","Lvl","AllPub","Inside","Gtl","IDOTRR","Norm","Norm","1Fam","1Story",4,4,1922,1950,"Gable","CompShg","AsbShng","AsbShng","None",0,"TA","TA","BrkTil","TA","Fa","No","Unf",0,"Unf",0,796,796,"GasA","Fa","N","SBrkr",796,0,0,796,0,0,1,0,2,1,"TA",5,"Typ",0,NA,NA,NA,NA,0,0,NA,NA,"N",0,0,100,0,0,0,NA,"MnPrv",NA,0,1,2008,"WD ","Normal"
"1036",69,527402130,20,"RL",68,10295,"Pave",NA,"Reg","Lvl","AllPub","FR2","Gtl","NAmes","Norm","Norm","1Fam","1Story",4,6,1969,1969,"Gable","CompShg","HdBoard","HdBoard","BrkFace",72,"TA","TA","CBlock","Gd","TA","Mn","Rec",252,"Unf",0,684,936,"GasA","TA","Y","SBrkr",936,0,0,936,0,0,1,0,2,1,"TA",4,"Typ",0,NA,"Attchd",1969,"Unf",1,288,"TA","TA","Y",16,0,0,0,0,0,NA,NA,NA,0,9,2008,"COD","Normal"
"265",70,907252120,20,"RL",NA,11423,"Pave",NA,"Reg","Lvl","AllPub","Inside","Gtl","CollgCr","Norm","Norm","1Fam","1Story",8,5,2001,2002,"Gable","CompShg","VinylSd","VinylSd","BrkFace",479,"Gd","TA","PConc","Gd","TA","Av","GLQ",1358,"Unf",0,223,1581,"GasA","Ex","Y","SBrkr",1601,0,0,1601,1,0,2,0,3,1,"Gd",6,"Typ",1,"TA","Attchd",2001,"RFn",2,670,"TA","TA","Y",180,0,0,0,0,0,NA,"MnPrv","Shed",2000,5,2010,"WD ","Normal"
"2173",71,908127070,20,"RL",80,8240,"Pave",NA,"Reg","Lvl","AllPub","Inside","Gtl","Edwards","Norm","Norm","1Fam","1Story",6,6,1960,1960,"Hip","CompShg","HdBoard","HdBoard","Stone",198,"TA","TA","CBlock","TA","TA","No","Unf",0,"Unf",0,1179,1179,"GasA","Gd","Y","SBrkr",1179,0,0,1179,0,0,1,0,2,1,"TA",5,"Min2",0,NA,"Attchd",1960,"Fin",2,622,"TA","TA","P",0,0,0,0,0,0,NA,"GdPrv",NA,0,6,2007,"WD ","Normal"
"2175",72,908152060,80,"RL",65,6285,"Pave",NA,"Reg","Lvl","AllPub","Inside","Gtl","Edwards","Norm","Norm","1Fam","SLvl",6,6,1976,1976,"Gable","CompShg","HdBoard","Plywood","None",0,"TA","Fa","CBlock","TA","TA","Av","GLQ",504,"Unf",0,456,960,"GasA","TA","Y","SBrkr",1044,0,0,1044,1,0,1,0,3,1,"TA",7,"Typ",1,"Fa","Detchd",1976,"Unf",2,528,"TA","Fa","Y",228,0,0,0,0,0,NA,NA,NA,0,4,2007,"WD ","Normal"
"2583",73,535301150,20,"RL",70,8092,"Pave",NA,"Reg","Lvl","AllPub","Inside","Gtl","NAmes","Norm","Norm","1Fam","1Story",6,8,1954,2000,"Hip","CompShg","Wd Sdng","Wd Sdng","BrkFace",176,"TA","Gd","CBlock","TA","TA","No","ALQ",824,"Unf",0,226,1050,"GasA","Ex","Y","SBrkr",1050,0,0,1050,1,0,1,0,3,1,"Gd",6,"Typ",0,NA,"Attchd",1954,"RFn",1,286,"TA","TA","Y",0,0,0,0,0,0,NA,NA,NA,0,6,2006,"WD ","Abnorml"
"2761",74,906394010,60,"RL",91,10984,"Pave",NA,"IR1","Lvl","AllPub","Corner","Gtl","CollgCr","Norm","Norm","1Fam","2Story",7,5,2005,2006,"Gable","CompShg","VinylSd","VinylSd","None",0,"Gd","TA","PConc","Gd","TA","Gd","Unf",0,"Unf",0,945,945,"GasA","Ex","Y","SBrkr",945,864,0,1809,0,0,2,1,3,1,"Gd",8,"Typ",0,NA,"Attchd",2005,"RFn",2,638,"TA","TA","Y",144,54,0,0,0,0,NA,NA,NA,0,5,2006,"New","Partial"
"1469",75,907290150,120,"RM",37,4435,"Pave",NA,"Reg","Lvl","AllPub","Inside","Gtl","CollgCr","Norm","Norm","TwnhsE","1Story",6,5,2003,2003,"Gable","CompShg","VinylSd","VinylSd","BrkFace",170,"Gd","TA","PConc","Gd","TA","Av","GLQ",686,"Unf",0,162,848,"GasA","Ex","Y","SBrkr",848,0,0,848,1,0,1,0,1,1,"Gd",3,"Typ",0,NA,"Attchd",2003,"Fin",2,420,"TA","TA","Y",140,0,0,0,0,0,NA,NA,NA,0,3,2008,"WD ","Normal"
"1568",76,914476010,20,"RL",75,10125,"Pave",NA,"Reg","Lvl","AllPub","Inside","Gtl","Mitchel","Norm","Norm","1Fam","1Story",6,6,1977,1977,"Gable","CompShg","Plywood","Plywood","None",0,"TA","TA","CBlock","TA","TA","No","ALQ",641,"LwQ",279,276,1196,"GasA","TA","Y","SBrkr",1279,0,0,1279,0,1,2,0,3,1,"TA",6,"Typ",2,"Fa","Detchd",1980,"Unf",2,473,"TA","TA","Y",238,83,0,0,0,0,NA,"MnPrv",NA,0,2,2008,"WD ","Normal"
"467",77,528221060,60,"RL",149,12589,"Pave",NA,"IR2","Lvl","AllPub","Inside","Gtl","Gilbert","Norm","Norm","1Fam","2Story",6,5,2005,2005,"Gable","CompShg","VinylSd","VinylSd","None",0,"Gd","TA","PConc","Gd","TA","No","Unf",0,"Unf",0,742,742,"GasA","Ex","Y","SBrkr",742,742,0,1484,0,0,2,1,3,1,"Gd",8,"Typ",1,"Gd","Attchd",2005,"Fin",2,390,"TA","TA","Y",36,24,0,0,0,0,NA,NA,NA,0,6,2009,"WD ","Normal"
"469",78,528228290,120,"RL",53,3684,"Pave",NA,"Reg","Lvl","AllPub","Inside","Gtl","Blmngtn","Norm","Norm","TwnhsE","1Story",7,5,2007,2007,"Hip","CompShg","VinylSd","VinylSd","BrkFace",130,"Gd","TA","PConc","Gd","TA","No","Unf",0,"Unf",0,1373,1373,"GasA","Ex","Y","SBrkr",1555,0,0,1555,0,0,2,0,2,1,"Gd",7,"Typ",1,"TA","Attchd",2007,"Fin",3,660,"TA","TA","Y",143,20,0,0,0,0,NA,NA,NA,0,6,2009,"WD ","Normal"
"2244",79,911128010,20,"C (all)",65,6565,"Pave",NA,"Reg","Lvl","AllPub","Corner","Gtl","IDOTRR","Norm","Norm","1Fam","1Story",4,6,1957,1980,"Gable","CompShg","MetalSd","MetalSd","None",0,"TA","TA","CBlock","TA","TA","No","GLQ",967,"Unf",0,106,1073,"GasA","Gd","Y","FuseA",1073,0,0,1073,1,0,1,0,3,1,"TA",6,"Typ",0,NA,"Detchd",1985,"Unf",2,720,"TA","TA","Y",0,444,0,0,0,0,NA,NA,NA,0,8,2007,"WD ","Abnorml"
"2141",80,907203060,20,"RL",70,7700,"Pave",NA,"Reg","Lvl","AllPub","Corner","Gtl","CollgCr","Norm","Norm","1Fam","1Story",5,5,1972,1972,"Gable","CompShg","VinylSd","VinylSd","None",0,"TA","TA","CBlock","TA","TA","No","LwQ",138,"Rec",468,276,882,"GasA","TA","Y","SBrkr",882,0,0,882,1,0,1,0,3,1,"TA",5,"Typ",0,NA,"Detchd",1980,"Unf",2,461,"TA","TA","Y",96,0,0,0,0,0,NA,"MnPrv",NA,0,3,2007,"WD ","Normal"
"2237",81,910201180,70,"RM",50,9060,"Pave",NA,"Reg","Lvl","AllPub","Inside","Gtl","IDOTRR","Norm","Norm","1Fam","2Story",5,6,1923,1999,"Gable","CompShg","Wd Sdng","Plywood","None",0,"TA","TA","BrkTil","Gd","TA","No","ALQ",548,"Unf",0,311,859,"GasA","Ex","Y","SBrkr",942,886,0,1828,0,0,2,0,3,1,"Gd",6,"Typ",0,NA,"Detchd",NA,"",NA,NA,"","","Y",174,0,212,0,0,0,NA,"MnPrv",NA,0,3,2007,"WD ","Alloca"
"1864",82,534125120,20,"RL",78,11700,"Pave",NA,"Reg","Lvl","AllPub","Inside","Gtl","NWAmes","RRAn","Norm","1Fam","1Story",6,6,1968,1968,"Gable","CompShg","MetalSd","MetalSd","BrkFace",41,"TA","TA","CBlock","TA","TA","No","Unf",0,"Unf",0,912,912,"GasA","Ex","Y","SBrkr",1152,0,0,1152,1,0,1,1,3,1,"TA",7,"Typ",0,NA,"Attchd",1968,"RFn",2,412,"TA","TA","Y",0,126,0,0,0,0,NA,NA,NA,0,9,2007,"CWD","Normal"
"1075",83,528186130,120,"RL",89,8232,"Pave",NA,"IR1","Lvl","AllPub","Inside","Gtl","NridgHt","Norm","Norm","TwnhsE","1Story",9,5,2007,2008,"Hip","CompShg","MetalSd","MetalSd","BrkFace",714,"Ex","TA","PConc","Ex","TA","No","GLQ",1204,"Unf",0,596,1800,"GasA","Ex","Y","SBrkr",1800,0,0,1800,1,0,2,0,2,1,"Ex",6,"Typ",1,"Gd","Attchd",2008,"RFn",3,944,"TA","TA","Y",210,0,0,0,0,0,NA,NA,NA,0,6,2008,"New","Partial"
"25",84,527402250,20,"RL",NA,12537,"Pave",NA,"IR1","Lvl","AllPub","CulDSac","Gtl","NAmes","Norm","Norm","1Fam","1Story",5,6,1971,2008,"Gable","CompShg","VinylSd","VinylSd","None",0,"TA","TA","CBlock","TA","TA","No","GLQ",734,"Unf",0,344,1078,"GasA","Ex","Y","SBrkr",1078,0,0,1078,1,0,1,1,3,1,"TA",6,"Typ",1,"Fa","Attchd",1971,"Fin",2,500,"TA","TA","Y",0,0,0,0,0,0,NA,NA,NA,0,4,2010,"WD ","Normal"
"2720",85,905200280,50,"RL",NA,13650,"Pave",NA,"Reg","Lvl","AllPub","Inside","Gtl","Sawyer","Norm","Norm","1Fam","1.5Fin",5,5,1958,1958,"Gable","CompShg","MetalSd","MetalSd","None",0,"Gd","Gd","CBlock","TA","TA","No","ALQ",57,"BLQ",441,554,1052,"GasA","Ex","Y","SBrkr",1252,668,0,1920,1,0,2,0,4,1,"Gd",8,"Typ",1,"Gd","Attchd",1958,"Unf",2,451,"TA","TA","Y",0,0,0,0,0,0,NA,NA,NA,0,7,2006,"WD ","Normal"
"2387",86,528118010,60,"RL",101,14215,"Pave",NA,"IR1","Lvl","AllPub","Corner","Gtl","NridgHt","Norm","Norm","1Fam","2Story",8,5,2005,2006,"Gable","CompShg","VinylSd","VinylSd","BrkFace",380,"Gd","TA","PConc","Ex","TA","Av","Unf",0,"Unf",0,1158,1158,"GasA","Ex","Y","SBrkr",1158,1218,0,2376,0,0,3,1,4,1,"Gd",9,"Typ",1,"Gd","BuiltIn",2005,"RFn",3,853,"TA","TA","Y",240,154,0,0,0,0,NA,NA,NA,0,11,2006,"New","Partial"
"606",87,534400050,20,"RL",100,10004,"Pave",NA,"Reg","Lvl","AllPub","Inside","Gtl","NAmes","Norm","Norm","1Fam","1Story",6,6,1964,1964,"Gable","CompShg","HdBoard","Plywood","BrkFace",180,"TA","TA","CBlock","TA","TA","No","Rec",196,"BLQ",345,975,1516,"GasA","TA","Y","SBrkr",1516,0,0,1516,0,0,1,1,3,1,"TA",6,"Typ",0,NA,"Attchd",1964,"RFn",2,472,"TA","TA","Y",0,0,0,0,152,0,NA,NA,NA,0,2,2009,"WD ","Normal"
"1404",88,905402090,80,"RL",124,11512,"Pave",NA,"IR1","Lvl","AllPub","Corner","Gtl","Edwards","Norm","Norm","1Fam","SLvl",6,7,1959,2006,"Gable","CompShg","Plywood","Plywood","BrkFace",84,"TA","TA","CBlock","TA","TA","Av","ALQ",719,"Unf",0,300,1019,"GasA","Gd","Y","SBrkr",1357,0,0,1357,1,0,1,0,2,1,"Ex",5,"Typ",1,"Gd","Basment",1959,"RFn",1,312,"TA","TA","Y",0,0,0,0,163,0,NA,"GdPrv",NA,0,5,2008,"WD ","Normal"
"1809",89,531375140,20,"RL",60,12450,"Pave",NA,"Reg","Lvl","AllPub","Inside","Gtl","SawyerW","RRAe","Norm","1Fam","1Story",5,5,2003,2004,"Gable","CompShg","VinylSd","VinylSd","BrkFace",126,"Gd","TA","PConc","Gd","TA","No","GLQ",729,"Unf",0,365,1094,"GasA","Ex","Y","SBrkr",1094,0,0,1094,1,0,1,0,3,1,"Gd",6,"Typ",0,NA,"Detchd",2004,"Unf",2,576,"TA","TA","Y",0,0,0,0,0,0,NA,NA,NA,0,5,2007,"WD ","Normal"
"2875",90,910203100,30,"RM",61,8534,"Pave",NA,"Reg","Low","AllPub","Inside","Gtl","IDOTRR","Norm","Norm","1Fam","1Story",4,4,1925,1950,"Gable","CompShg","Wd Sdng","Wd Sdng","None",0,"TA","TA","BrkTil","Fa","TA","No","Unf",0,"Unf",0,432,432,"GasA","TA","N","FuseA",672,0,0,672,0,0,1,0,2,1,"TA",4,"Min1",0,NA,NA,NA,NA,0,0,NA,NA,"N",0,0,112,0,0,0,NA,"GdWo",NA,0,6,2006,"WD ","Normal"
"34",91,527453130,160,"RL",24,2280,"Pave",NA,"Reg","Lvl","AllPub","FR2","Gtl","NPkVill","Norm","Norm","Twnhs","2Story",6,6,1975,1975,"Gable","CompShg","Plywood","Brk Cmn","None",0,"TA","TA","CBlock","TA","TA","No","ALQ",514,"Unf",0,341,855,"GasA","TA","Y","SBrkr",855,601,0,1456,0,0,2,1,3,1,"Gd",6,"Typ",1,"TA","Attchd",1975,"Unf",2,440,"TA","TA","Y",173,0,0,0,0,0,NA,NA,NA,0,6,2010,"WD ","Normal"
"758",92,903476090,190,"RM",41,5852,"Pave",NA,"IR3","Bnk","AllPub","Corner","Gtl","OldTown","Feedr","Norm","2fmCon","2.5Unf",7,5,1902,2000,"Gable","CompShg","MetalSd","MetalSd","Stone",188,"TA","Fa","BrkTil","TA","Fa","No","Rec",169,"Unf",0,851,1020,"GasA","TA","N","FuseF",978,886,0,1864,0,0,2,1,6,1,"TA",9,"Typ",0,NA,NA,NA,NA,0,0,NA,NA,"N",0,188,102,0,0,0,NA,NA,NA,0,5,2009,"WD ","Normal"
"1234",93,535126140,60,"RL",90,14670,"Pave",NA,"Reg","Lvl","AllPub","Inside","Gtl","NAmes","Norm","Norm","1Fam","2Story",6,7,1966,1999,"Gable","CompShg","VinylSd","VinylSd","BrkFace",410,"Gd","Gd","CBlock","TA","TA","No","BLQ",575,"Unf",0,529,1104,"GasA","Ex","Y","SBrkr",1104,884,0,1988,0,0,2,1,4,1,"Gd",9,"Typ",1,"Gd","Attchd",1966,"RFn",2,480,"TA","TA","Y",0,230,0,0,0,0,NA,"MnPrv",NA,0,8,2008,"WD ","Normal"
"2355",94,527375160,80,"RL",81,10530,"Pave",NA,"Reg","Lvl","AllPub","Inside","Gtl","NWAmes","Norm","Norm","1Fam","SLvl",6,6,1975,2000,"Gable","CompShg","Plywood","Plywood","BrkFace",248,"TA","TA","CBlock","TA","Fa","No","ALQ",548,"Unf",0,127,675,"GasA","TA","Y","SBrkr",1109,766,0,1875,0,0,3,0,3,1,"Gd",8,"Typ",1,"TA","Attchd",1975,"RFn",2,485,"TA","TA","Y",48,28,0,0,0,0,NA,NA,NA,0,6,2006,"WD ","Normal"
"2471",95,531363080,20,"RL",74,7733,"Pave",NA,"IR1","Lvl","AllPub","Inside","Gtl","SawyerW","Norm","Norm","1Fam","1Story",6,5,2005,2005,"Gable","CompShg","VinylSd","VinylSd","None",0,"TA","TA","PConc","TA","TA","Mn","GLQ",24,"Unf",0,1118,1142,"GasA","Ex","Y","SBrkr",1142,0,0,1142,0,0,1,1,3,1,"Gd",5,"Typ",0,NA,NA,NA,NA,0,0,NA,NA,"Y",4,50,0,0,0,0,NA,NA,NA,0,1,2006,"WD ","Normal"
"711",96,902206260,30,"RM",50,5784,"Pave",NA,"Reg","Lvl","AllPub","Inside","Gtl","OldTown","Artery","Norm","1Fam","1Story",5,8,1938,1996,"Gable","CompShg","MetalSd","MetalSd","None",0,"TA","TA","BrkTil","Fa","TA","No","Unf",0,"Unf",0,190,190,"GasA","Gd","Y","FuseA",886,0,0,886,0,0,1,0,2,1,"TA",4,"Typ",0,NA,"Attchd",1938,"Unf",1,273,"TA","TA","Y",144,20,80,0,0,0,NA,NA,NA,0,12,2009,"WD ","Normal"
"918",97,909254010,70,"RL",53,7155,"Pave",NA,"Reg","Lvl","AllPub","Inside","Gtl","Crawfor","Norm","Norm","1Fam","2Story",7,8,1918,1990,"Gambrel","CompShg","Wd Sdng","Wd Sdng","None",0,"TA","TA","BrkTil","TA","Fa","Mn","Unf",0,"Unf",0,600,600,"GasA","Ex","Y","SBrkr",628,600,0,1228,0,0,1,0,3,1,"TA",6,"Typ",1,"Gd","Detchd",1918,"Unf",1,215,"Fa","TA","Y",0,113,0,0,195,0,NA,"MnPrv",NA,0,5,2009,"WD ","Normal"
"867",98,907253130,60,"RL",NA,11050,"Pave",NA,"Reg","Lvl","AllPub","Inside","Gtl","CollgCr","PosN","Norm","1Fam","2Story",9,5,2000,2000,"Hip","CompShg","VinylSd","VinylSd","BrkFace",204,"Gd","TA","PConc","Ex","TA","Mn","GLQ",904,"Unf",0,536,1440,"GasA","Ex","Y","SBrkr",1476,677,0,2153,1,0,2,1,3,1,"Ex",8,"Typ",2,"Ex","Attchd",2000,"Fin",3,736,"TA","TA","Y",253,142,0,0,0,0,NA,NA,NA,0,5,2009,"WD ","Normal"
"521",99,528458140,20,"FV",112,12606,"Pave",NA,"IR1","Lvl","AllPub","Inside","Gtl","Somerst","Norm","Norm","1Fam","1Story",9,5,2007,2008,"Gable","CompShg","VinylSd","VinylSd","Stone",120,"Gd","TA","PConc","Gd","TA","Av","Unf",0,"Unf",0,1530,1530,"GasA","Ex","Y","SBrkr",1530,0,0,1530,0,0,2,0,3,1,"Gd",7,"Typ",1,"Gd","Attchd",2008,"RFn",3,984,"TA","TA","Y",212,136,0,0,0,0,NA,NA,NA,0,5,2009,"WD ","Normal"
"1925",100,535177110,20,"RL",80,9736,"Pave",NA,"Reg","Lvl","AllPub","Inside","Gtl","NAmes","Feedr","Norm","1Fam","1Story",6,6,1957,1969,"Gable","CompShg","Wd Sdng","Wd Sdng","BrkFace",289,"TA","TA","CBlock","TA","TA","No","BLQ",668,"Rec",138,525,1331,"GasA","Gd","Y","SBrkr",1721,0,0,1721,0,0,1,0,4,1,"TA",8,"Typ",3,"TA","Attchd",1957,"Unf",2,464,"TA","TA","Y",0,0,0,0,0,0,NA,NA,NA,0,4,2007,"WD ","Normal"
"2168",101,908102100,20,"RL",70,9170,"Pave",NA,"Reg","Lvl","AllPub","Corner","Gtl","Edwards","Feedr","Norm","1Fam","1Story",5,7,1965,1965,"Hip","CompShg","MetalSd","MetalSd","None",0,"TA","TA","CBlock","TA","TA","No","ALQ",698,"GLQ",96,420,1214,"GasA","Ex","Y","SBrkr",1214,0,0,1214,1,0,1,0,2,1,"TA",6,"Typ",0,NA,"Detchd",1965,"Unf",2,461,"Fa","Fa","Y",0,0,184,0,0,0,NA,"GdPrv","Shed",400,4,2007,"WD ","Normal"
"1930",102,535300040,20,"RL",75,10050,"Pave",NA,"Reg","Lvl","AllPub","Inside","Gtl","NAmes","Norm","Norm","1Fam","1Story",5,5,1955,1955,"Hip","CompShg","MetalSd","MetalSd","None",0,"TA","TA","CBlock","TA","TA","No","Rec",288,"Unf",0,928,1216,"GasA","TA","Y","SBrkr",1216,0,0,1216,1,0,1,0,3,1,"TA",5,"Typ",0,NA,"Attchd",1955,"RFn",1,336,"TA","TA","Y",0,0,0,0,0,0,NA,NA,NA,0,8,2007,"WD ","Normal"
"591",103,534152120,20,"RL",80,9650,"Pave",NA,"Reg","Lvl","AllPub","Inside","Gtl","NWAmes","Norm","Norm","1Fam","1Story",6,5,1977,1977,"Gable","CompShg","Plywood","Plywood","BrkFace",360,"TA","TA","CBlock","Gd","TA","No","ALQ",686,"Unf",0,664,1350,"GasA","TA","Y","SBrkr",1334,0,0,1334,0,1,2,0,2,1,"TA",6,"Typ",1,"TA","Attchd",1977,"RFn",2,630,"TA","TA","Y",0,16,0,0,0,0,NA,NA,NA,0,4,2009,"WD ","Normal"
"2013",104,903231050,45,"RM",51,6120,"Pave",NA,"Reg","Lvl","AllPub","Inside","Gtl","BrkSide","Norm","Norm","1Fam","1.5Unf",5,7,1939,1950,"Gable","CompShg","AsbShng","AsbShng","None",0,"Gd","TA","BrkTil","TA","TA","No","Unf",0,"Unf",0,884,884,"GasA","Ex","Y","SBrkr",884,0,0,884,0,0,1,0,2,1,"TA",5,"Typ",0,NA,"Detchd",1939,"Unf",1,240,"TA","TA","Y",0,0,136,0,0,0,NA,"MnPrv",NA,0,7,2007,"WD ","Normal"
"1709",105,528150120,60,"RL",99,12099,"Pave",NA,"IR1","Lvl","AllPub","Inside","Gtl","NridgHt","Norm","Norm","1Fam","2Story",8,5,2004,2004,"Gable","CompShg","VinylSd","VinylSd","BrkFace",388,"Gd","TA","PConc","Ex","TA","Av","GLQ",970,"Unf",0,166,1136,"GasA","Ex","Y","SBrkr",1136,1332,0,2468,1,0,2,1,4,1,"Gd",10,"Typ",1,"Gd","BuiltIn",2004,"Fin",3,872,"TA","TA","Y",184,154,0,0,0,0,NA,NA,NA,0,6,2007,"WD ","Normal"
"961",106,916382110,20,"RL",79,14463,"Pave",NA,"IR1","HLS","AllPub","Corner","Gtl","Timber","Norm","Norm","1Fam","1Story",9,5,2008,2008,"Gable","CompShg","CemntBd","CmentBd","BrkFace",406,"Ex","TA","PConc","Ex","TA","Gd","GLQ",1115,"Unf",0,526,1641,"GasA","Ex","Y","SBrkr",1641,0,0,1641,1,0,2,0,3,1,"Ex",7,"Typ",0,NA,"Attchd",2008,"Fin",3,885,"TA","TA","Y",0,95,0,0,0,0,NA,NA,NA,0,1,2009,"WD ","Normal"
"117",107,534176230,60,"RL",80,9600,"Pave",NA,"Reg","Lvl","AllPub","Inside","Gtl","NWAmes","Norm","Norm","1Fam","2Story",6,6,1971,1971,"Gable","CompShg","MetalSd","MetalSd","None",0,"TA","TA","CBlock","TA","TA","No","ALQ",329,"Unf",0,386,715,"GasA","TA","Y","SBrkr",930,715,0,1645,0,0,1,2,4,1,"TA",7,"Typ",0,NA,"Attchd",1971,"RFn",2,441,"TA","TA","Y",0,78,0,0,0,0,NA,"GdWo",NA,0,6,2010,"WD ","Normal"
"1133",108,531371070,60,"RL",68,10110,"Pave",NA,"Reg","Lvl","AllPub","Inside","Gtl","SawyerW","Norm","Norm","1Fam","2Story",6,5,2003,2003,"Gable","CompShg","VinylSd","VinylSd","None",0,"Gd","TA","PConc","Gd","TA","Mn","GLQ",80,"ALQ",555,200,835,"GasA","Ex","Y","SBrkr",835,861,0,1696,1,0,2,1,3,1,"Gd",7,"Typ",0,NA,"Attchd",2003,"RFn",2,542,"TA","TA","Y",143,66,0,0,0,0,NA,NA,NA,0,7,2008,"WD ","Normal"
"223",109,905105200,20,"RL",65,7800,"Pave",NA,"Reg","Lvl","AllPub","Inside","Gtl","Sawyer","Norm","Norm","1Fam","1Story",5,7,1966,2008,"Hip","CompShg","HdBoard","HdBoard","BrkFace",47,"TA","TA","CBlock","TA","TA","Mn","BLQ",240,"Rec",474,150,864,"GasA","Ex","Y","SBrkr",892,0,0,892,1,0,1,0,3,1,"Gd",5,"Typ",0,NA,"Detchd",1966,"Unf",1,416,"TA","TA","Y",0,0,0,0,0,0,NA,NA,NA,0,6,2010,"WD ","Normal"
"881",110,907412020,60,"RL",65,9313,"Pave",NA,"IR1","Lvl","AllPub","Inside","Gtl","CollgCr","Norm","Norm","1Fam","2Story",7,5,2004,2004,"Gable","CompShg","VinylSd","VinylSd","None",0,"Gd","TA","PConc","Gd","TA","No","Unf",0,"Unf",0,864,864,"GasA","Ex","Y","SBrkr",864,864,0,1728,0,0,2,1,3,1,"Gd",7,"Typ",0,NA,"Attchd",2004,"RFn",2,572,"TA","TA","Y",187,56,0,0,0,0,NA,NA,NA,0,4,2009,"WD ","Normal"
"916",111,909253010,50,"RL",57,7558,"Pave",NA,"Reg","Bnk","AllPub","Inside","Gtl","Crawfor","Norm","Norm","1Fam","1.5Fin",6,6,1928,1950,"Gable","CompShg","BrkFace","Stone","None",0,"TA","TA","BrkTil","TA","TA","No","Unf",0,"Unf",0,896,896,"GasA","Gd","Y","SBrkr",1172,741,0,1913,0,0,1,1,3,1,"TA",9,"Typ",1,"TA","Detchd",1929,"Unf",2,342,"Fa","Fa","Y",0,0,0,0,0,0,NA,NA,NA,0,3,2009,"WD ","Normal"
"221",112,905104210,20,"RL",70,8521,"Pave",NA,"Reg","Lvl","AllPub","FR2","Gtl","Sawyer","Feedr","Norm","1Fam","1Story",5,5,1967,1967,"Gable","CompShg","HdBoard","HdBoard","None",0,"TA","TA","CBlock","TA","TA","No","ALQ",842,"Unf",0,70,912,"GasA","TA","Y","SBrkr",912,0,0,912,0,0,1,0,3,1,"TA",5,"Typ",1,"Fa","Detchd",1974,"Unf",1,336,"TA","TA","Y",0,0,0,0,0,0,NA,"MnPrv",NA,0,5,2010,"WD ","Normal"
"423",113,528104070,60,"RL",104,13518,"Pave",NA,"Reg","Lvl","AllPub","Inside","Gtl","NridgHt","Norm","Norm","1Fam","2Story",9,5,2008,2009,"Hip","CompShg","VinylSd","VinylSd","Stone",860,"Ex","TA","PConc","Ex","TA","No","Unf",0,"Unf",0,1926,1926,"GasA","Ex","Y","SBrkr",1966,1174,0,3140,0,0,3,1,4,1,"Ex",11,"Typ",2,"Gd","BuiltIn",2009,"Fin",3,820,"TA","TA","Y",144,78,0,0,0,0,NA,NA,NA,0,7,2009,"New","Partial"
"429",114,528108070,60,"RL",96,11308,"Pave",NA,"IR1","Lvl","AllPub","Inside","Gtl","NridgHt","Norm","Norm","1Fam","2Story",9,5,2008,2008,"Gable","CompShg","VinylSd","VinylSd","Stone",154,"Ex","TA","PConc","Ex","TA","Av","GLQ",936,"Unf",0,168,1104,"GasA","Ex","Y","SBrkr",1130,1054,0,2184,1,0,2,1,3,1,"Ex",10,"Typ",1,"Gd","Attchd",2008,"Fin",3,836,"TA","TA","Y",0,102,0,0,0,0,NA,NA,NA,0,7,2009,"WD ","Normal"
"2573",115,535151130,90,"RL",70,7728,"Pave",NA,"Reg","Lvl","AllPub","Inside","Gtl","NAmes","Norm","Norm","Duplex","SLvl",5,6,1962,1962,"Hip","CompShg","Wd Sdng","Wd Sdng","BrkFace",120,"TA","TA","CBlock","TA","TA","Av","ALQ",803,"Unf",0,303,1106,"GasA","TA","Y","SBrkr",1190,0,0,1190,1,0,1,0,3,1,"TA",6,"Typ",0,NA,"Attchd",1962,"Unf",2,540,"TA","TA","Y",0,18,0,0,0,0,NA,"GdWo",NA,0,5,2006,"WD ","Normal"
"1977",116,902106120,30,"RM",56,4480,"Pave",NA,"Reg","Lvl","AllPub","Corner","Gtl","OldTown","Artery","Norm","1Fam","1Story",5,5,1922,1950,"Gable","CompShg","AsbShng","AsbShng","None",0,"TA","TA","PConc","Fa","Fa","No","LwQ",782,"Unf",0,240,1022,"GasA","TA","N","FuseF",1022,0,0,1022,1,0,1,0,2,1,"Fa",4,"Typ",1,"Gd","Detchd",1922,"Unf",1,184,"TA","Fa","N",0,122,20,0,0,0,NA,"MnPrv",NA,0,2,2007,"WD ","Normal"
"2310",117,526354020,20,"RL",90,11727,"Pave",NA,"Reg","Lvl","AllPub","Corner","Gtl","NAmes","Norm","Norm","1Fam","1Story",7,6,1969,1969,"Gable","CompShg","HdBoard","HdBoard","BrkFace",434,"TA","Gd","CBlock","TA","TA","Mn","Unf",0,"Unf",0,1851,1851,"GasA","Gd","Y","SBrkr",1851,0,0,1851,0,0,2,0,3,1,"TA",8,"Typ",1,"TA","Attchd",1969,"Fin",2,506,"TA","TA","Y",0,146,0,0,0,0,NA,NA,NA,0,3,2006,"WD ","Normal"
"1872",118,534176140,20,"RL",88,10738,"Pave",NA,"IR1","Lvl","AllPub","Corner","Gtl","NWAmes","Norm","Norm","1Fam","1Story",6,7,1966,1966,"Hip","CompShg","HdBoard","HdBoard","None",0,"TA","TA","CBlock","TA","TA","No","ALQ",792,"Unf",0,301,1093,"GasA","Gd","Y","SBrkr",1093,0,0,1093,1,0,2,0,3,1,"TA",6,"Typ",1,"Fa","Attchd",1966,"RFn",2,484,"TA","TA","Y",224,0,0,0,0,0,NA,"MnPrv","Shed",400,11,2007,"WD ","Normal"
"607",119,534400290,20,"RL",85,9350,"Pave",NA,"Reg","Lvl","AllPub","Inside","Gtl","NAmes","Norm","Norm","1Fam","1Story",5,6,1961,1995,"Gable","CompShg","Wd Sdng","Wd Sdng","BrkFace",217,"TA","TA","CBlock","TA","TA","No","ALQ",310,"BLQ",512,491,1313,"GasA","TA","Y","SBrkr",1313,0,0,1313,1,0,1,1,3,1,"Gd",6,"Typ",1,"TA","Attchd",1961,"RFn",2,610,"TA","TA","Y",172,28,0,0,121,0,NA,"MnPrv",NA,0,2,2009,"WD ","Normal"
"1300",120,902201120,20,"RM",50,6000,"Pave",NA,"Reg","Lvl","AllPub","Inside","Gtl","OldTown","Norm","Norm","1Fam","1Story",5,5,1948,1950,"Gable","CompShg","VinylSd","VinylSd","None",0,"TA","TA","CBlock","TA","TA","No","ALQ",104,"BLQ",169,516,789,"GasA","Ex","Y","SBrkr",789,0,0,789,0,0,1,0,2,1,"TA",5,"Typ",0,NA,"Detchd",1948,"Unf",1,250,"TA","TA","Y",0,0,0,0,0,0,NA,NA,NA,0,4,2008,"WD ","Partial"
"2014",121,903231090,50,"RM",NA,6240,"Pave",NA,"Reg","Lvl","AllPub","Inside","Gtl","BrkSide","Norm","Norm","1Fam","1.5Fin",6,5,1938,1950,"Gable","CompShg","VinylSd","VinylSd","None",0,"TA","TA","BrkTil","TA","TA","No","LwQ",52,"Unf",0,809,861,"GasA","Gd","Y","SBrkr",861,548,0,1409,1,0,1,1,3,1,"TA",6,"Typ",1,"Gd","Detchd",1968,"Unf",2,528,"TA","TA","Y",225,0,84,0,0,0,NA,NA,NA,0,3,2007,"WD ","Normal"
"2311",122,527105060,60,"RL",60,8238,"Pave",NA,"IR1","Lvl","AllPub","Inside","Gtl","Gilbert","Norm","Norm","1Fam","2Story",6,5,1997,1998,"Gable","CompShg","VinylSd","VinylSd","None",0,"TA","TA","PConc","TA","TA","No","GLQ",700,"Unf",0,113,813,"GasA","Ex","Y","SBrkr",813,712,0,1525,1,0,2,1,3,1,"TA",6,"Typ",1,"TA","Attchd",1997,"Fin",2,400,"TA","TA","Y",421,72,0,0,0,0,NA,NA,NA,0,5,2006,"WD ","Normal"
"2306",123,526302030,20,"RL",NA,11027,"Pave",NA,"IR1","Lvl","AllPub","Inside","Gtl","NAmes","Norm","Norm","1Fam","1Story",6,5,1954,1954,"Hip","CompShg","Wd Sdng","Wd Sdng","Stone",28,"TA","TA","CBlock","TA","TA","No","BLQ",468,"Rec",539,171,1178,"GasA","Gd","Y","SBrkr",1293,0,0,1293,1,0,2,0,2,1,"TA",5,"Typ",0,NA,"Attchd",1954,"RFn",2,452,"TA","TA","Y",280,0,0,0,0,0,NA,NA,NA,0,5,2006,"WD ","Normal"
"561",124,532377130,20,"RL",80,10000,"Pave",NA,"Reg","Lvl","AllPub","Corner","Gtl","Sawyer","Feedr","Norm","1Fam","1Story",5,6,1961,1983,"Hip","CompShg","HdBoard","HdBoard","None",0,"TA","TA","CBlock","TA","TA","No","BLQ",594,"Unf",0,270,864,"GasA","Ex","Y","SBrkr",1144,0,0,1144,1,0,1,0,3,1,"TA",6,"Typ",1,"TA","Attchd",1961,"RFn",1,264,"TA","TA","Y",165,0,0,0,0,0,NA,"GdWo","Shed",400,3,2009,"WD ","Normal"
"1685",125,528102050,20,"RL",96,12469,"Pave",NA,"Reg","Lvl","AllPub","FR2","Gtl","NridgHt","Norm","Norm","1Fam","1Story",9,5,2006,2007,"Hip","CompShg","VinylSd","VinylSd","Stone",378,"Ex","TA","PConc","Ex","TA","Gd","GLQ",1151,"Unf",0,639,1790,"GasA","Ex","Y","SBrkr",1816,0,0,1816,1,0,2,0,3,1,"Ex",7,"Typ",1,"Gd","Attchd",2007,"Fin",3,730,"TA","TA","Y",186,36,0,0,0,0,NA,NA,NA,0,8,2007,"New","Partial"
"1204",126,534252270,60,"RL",NA,9900,"Pave",NA,"Reg","Lvl","AllPub","Inside","Gtl","NWAmes","Feedr","Norm","1Fam","2Story",7,5,1968,1968,"Gable","CompShg","MetalSd","MetalSd","BrkFace",342,"TA","TA","CBlock","TA","TA","No","BLQ",552,"Unf",0,280,832,"GasA","Gd","Y","SBrkr",1098,880,0,1978,0,0,2,1,4,1,"TA",9,"Typ",1,"Gd","Attchd",1968,"RFn",2,486,"TA","TA","Y",0,43,0,0,0,0,NA,"GdPrv",NA,0,4,2008,"WD ","Normal"
"1788",127,528439040,20,"RL",74,8847,"Pave",NA,"Reg","Lvl","AllPub","Inside","Gtl","Somerst","Norm","Norm","1Fam","1Story",8,5,2005,2005,"Gable","CompShg","VinylSd","VinylSd","BrkFace",148,"Gd","TA","PConc","Gd","TA","Av","GLQ",769,"Unf",0,769,1538,"GasA","Ex","Y","SBrkr",1538,0,0,1538,1,0,2,0,3,1,"Gd",7,"Typ",0,NA,"Attchd",2005,"RFn",2,484,"TA","TA","Y",146,40,0,0,0,0,NA,NA,NA,0,12,2007,"WD ","Normal"
"1176",128,533236060,160,"FV",24,2645,"Pave","Pave","Reg","Lvl","AllPub","Inside","Gtl","Somerst","Norm","Norm","Twnhs","2Story",8,5,1999,1999,"Gable","CompShg","MetalSd","MetalSd","BrkFace",466,"Gd","TA","PConc","Gd","TA","No","GLQ",612,"Unf",0,348,960,"GasA","Ex","Y","SBrkr",962,624,0,1586,1,0,2,1,3,1,"Gd",7,"Typ",0,NA,"Detchd",1999,"Unf",2,480,"TA","TA","Y",169,0,0,0,0,0,NA,NA,NA,0,12,2008,"WD ","Normal"
"2466",129,528480110,60,"FV",65,8125,"Pave",NA,"Reg","Lvl","AllPub","Inside","Gtl","Somerst","Norm","Norm","1Fam","2Story",6,5,2005,2005,"Gable","CompShg","VinylSd","VinylSd","None",0,"Gd","TA","PConc","Gd","TA","No","Unf",0,"Unf",0,858,858,"GasA","Ex","Y","SBrkr",858,858,0,1716,0,0,2,1,3,1,"Gd",7,"Typ",0,NA,"Attchd",2005,"RFn",2,615,"TA","TA","Y",0,53,0,0,0,0,NA,NA,NA,0,2,2006,"WD ","Normal"
"897",130,908225370,50,"RL",50,8405,"Pave",NA,"Reg","Lvl","AllPub","Inside","Gtl","Edwards","Norm","Norm","1Fam","1.5Fin",4,3,1945,1950,"Gable","CompShg","WdShing","Wd Shng","None",0,"TA","TA","Slab",NA,NA,NA,NA,0,NA,0,0,0,"Wall","TA","N","FuseF",1088,441,0,1529,0,0,2,0,4,1,"TA",9,"Mod",0,NA,"Detchd",1945,"Unf",1,240,"TA","TA","N",92,0,185,0,0,0,NA,NA,NA,0,4,2009,"WD ","Normal"
"882",131,907414020,20,"RL",63,8487,"Pave",NA,"Reg","Lvl","AllPub","FR2","Gtl","CollgCr","Norm","Norm","1Fam","1Story",7,5,2004,2004,"Gable","CompShg","VinylSd","VinylSd","BrkFace",210,"Gd","TA","PConc","Gd","TA","Av","GLQ",20,"Unf",0,1480,1500,"GasA","Ex","Y","SBrkr",1500,0,0,1500,0,0,2,0,3,1,"Gd",6,"Typ",0,NA,"Attchd",2004,"RFn",2,570,"TA","TA","Y",192,36,0,0,0,0,NA,NA,NA,0,8,2009,"WD ","Normal"
"1380",132,905104080,20,"RL",NA,7162,"Pave",NA,"IR1","Lvl","AllPub","Inside","Gtl","Sawyer","Norm","Norm","1Fam","1Story",5,7,1966,1966,"Gable","CompShg","HdBoard","HdBoard","BrkCmn",41,"TA","TA","PConc","TA","TA","No","Unf",0,"Unf",0,876,876,"GasA","TA","Y","SBrkr",904,0,0,904,0,0,1,0,3,1,"TA",6,"Typ",0,NA,"Attchd",1966,"Unf",1,408,"TA","TA","Y",0,0,0,0,0,0,NA,"MnPrv",NA,0,12,2008,"WD ","Abnorml"
"944",133,911104060,30,"C (all)",60,10200,"Pave","Grvl","Reg","Lvl","AllPub","Inside","Gtl","IDOTRR","Norm","Norm","1Fam","1Story",4,6,1925,1950,"Gable","CompShg","MetalSd","MetalSd","None",0,"TA","TA","BrkTil","TA","TA","No","Unf",0,"Unf",0,572,572,"GasA","Fa","N","FuseP",572,0,0,572,0,0,1,0,2,1,"TA",4,"Typ",0,NA,"Detchd",1940,"Unf",1,200,"TA","TA","N",0,0,72,0,0,0,NA,NA,NA,0,5,2009,"WD ","Normal"
"623",134,535101120,90,"RL",65,8944,"Pave",NA,"Reg","Lvl","AllPub","Inside","Gtl","NAmes","Norm","Norm","Duplex","1Story",5,5,1967,1967,"Gable","CompShg","Plywood","Plywood","None",0,"TA","TA","CBlock","TA","TA","No","Unf",0,"Unf",0,1584,1584,"GasA","TA","Y","SBrkr",1584,0,0,1584,0,0,2,0,4,2,"TA",8,"Mod",0,NA,"Detchd",1967,"Unf",3,792,"TA","TA","Y",0,152,0,0,0,0,NA,NA,NA,0,4,2009,"WD ","Normal"
"2323",135,527146135,160,"RL",68,13108,"Pave",NA,"IR1","Lvl","AllPub","Inside","Gtl","StoneBr","Norm","Norm","1Fam","2Story",8,5,1994,1994,"Gable","CompShg","CemntBd","CmentBd","None",0,"Gd","TA","PConc","Gd","TA","No","Unf",0,"Unf",0,2062,2062,"GasA","Ex","Y","SBrkr",2079,608,0,2687,0,0,2,1,4,1,"Gd",9,"Typ",0,NA,"Attchd",1994,"Fin",2,618,"TA","TA","Y",168,12,0,0,0,0,NA,NA,NA,0,12,2006,"WD ","Normal"
"1504",136,908204160,90,"RL",74,6845,"Pave",NA,"Reg","Lvl","AllPub","Inside","Gtl","Edwards","Norm","Norm","Duplex","1Story",4,5,1955,1955,"Gable","CompShg","WdShing","Wd Shng","BrkCmn",58,"TA","TA","Slab",NA,NA,NA,NA,0,NA,0,0,0,"GasA","TA","N","FuseF",1152,0,0,1152,0,0,2,0,2,2,"TA",6,"Typ",0,NA,NA,NA,NA,0,0,NA,NA,"N",0,0,0,0,0,0,NA,NA,NA,0,7,2008,"WD ","Normal"
"276",137,908102130,90,"RL",75,9825,"Pave",NA,"Reg","Lvl","AllPub","Inside","Gtl","Edwards","Norm","Norm","Duplex","1Story",5,5,1965,1965,"Hip","CompShg","AsphShn","AsphShn","None",0,"TA","TA","CBlock",NA,NA,NA,NA,0,NA,0,0,0,"GasA","TA","N","SBrkr",1664,0,0,1664,0,0,2,0,4,2,"TA",8,"Typ",0,NA,NA,NA,NA,0,0,NA,NA,"Y",0,0,0,0,0,0,NA,NA,NA,0,5,2010,"WD ","Normal"
"306",138,911202100,50,"C (all)",66,8712,"Pave","Pave","Reg","HLS","AllPub","Inside","Mod","IDOTRR","Norm","Norm","1Fam","1.5Fin",4,7,1900,1950,"Gable","CompShg","MetalSd","MetalSd","None",0,"TA","TA","Stone","TA","TA","Mn","Unf",0,"Unf",0,859,859,"GasA","Gd","Y","SBrkr",859,319,0,1178,0,0,1,0,2,1,"TA",7,"Typ",0,NA,"Detchd",1964,"RFn",1,384,"TA","TA","N",68,0,98,0,0,0,NA,NA,NA,0,1,2010,"WD ","Abnorml"
"1601",139,923228420,180,"RM",21,1890,"Pave",NA,"Reg","Lvl","AllPub","Inside","Gtl","MeadowV","Norm","Norm","Twnhs","SFoyer",4,7,1972,1972,"Gable","CompShg","CemntBd","CmentBd","None",0,"TA","Gd","CBlock","Gd","TA","Av","ALQ",495,"Unf",0,135,630,"GasA","Gd","Y","SBrkr",630,0,0,630,1,0,1,0,1,1,"TA",3,"Typ",0,NA,NA,NA,NA,0,0,NA,NA,"Y",88,0,0,0,0,0,NA,NA,NA,0,6,2008,"WD ","Normal"
"1500",140,908186040,180,"RM",35,3675,"Pave",NA,"Reg","Lvl","AllPub","Inside","Gtl","Edwards","Norm","Norm","TwnhsE","SLvl",6,5,2005,2005,"Gable","CompShg","VinylSd","VinylSd","BrkFace",80,"TA","TA","PConc","Gd","TA","Gd","GLQ",459,"Unf",0,88,547,"GasA","Ex","Y","SBrkr",1072,0,0,1072,1,0,1,0,2,1,"TA",5,"Typ",0,NA,"Basment",2005,"RFn",2,525,"TA","TA","Y",0,28,0,0,0,0,NA,NA,NA,0,6,2008,"WD ","Normal"
"1358",141,903427090,70,"RM",NA,5100,"Pave","Grvl","Reg","Lvl","AllPub","Inside","Gtl","OldTown","Norm","Norm","1Fam","2Story",8,7,1925,1996,"Hip","CompShg","Stucco","Wd Shng","None",0,"TA","Gd","PConc","TA","TA","No","Unf",0,"Unf",0,588,588,"GasA","Fa","Y","SBrkr",833,833,0,1666,0,0,1,0,3,1,"Gd",7,"Typ",1,"Gd","Detchd",1925,"Unf",1,228,"TA","TA","Y",192,63,0,0,0,0,NA,"MnPrv",NA,0,6,2008,"WD ","Normal"
"889",142,908151050,60,"RL",75,7950,"Pave",NA,"IR1","Bnk","AllPub","Corner","Gtl","Edwards","Norm","Norm","1Fam","2Story",6,6,1977,1977,"Hip","CompShg","HdBoard","Plywood","BrkFace",140,"TA","TA","CBlock","TA","TA","No","BLQ",535,"Unf",0,155,690,"GasA","TA","Y","SBrkr",698,728,0,1426,0,0,1,1,3,1,"TA",6,"Typ",0,NA,"Attchd",1977,"Fin",2,440,"TA","TA","Y",252,0,0,0,0,0,NA,"MnPrv",NA,0,7,2009,"WD ","Normal"
"1895",143,534403420,20,"RL",NA,11382,"Pave",NA,"IR1","Lvl","AllPub","Inside","Gtl","NAmes","Norm","Norm","1Fam","1Story",6,5,1964,1964,"Gable","CompShg","Wd Sdng","Plywood","BrkFace",212,"TA","TA","CBlock","TA","TA","No","ALQ",54,"Rec",543,533,1130,"GasA","TA","Y","SBrkr",1374,0,0,1374,0,1,1,0,3,1,"TA",7,"Typ",1,"TA","Attchd",1964,"RFn",1,286,"TA","TA","Y",0,28,84,0,0,0,NA,"MnPrv",NA,0,8,2007,"WD ","Normal"
"2402",144,528172020,60,"RL",74,10927,"Pave",NA,"Reg","Lvl","AllPub","Inside","Gtl","NridgHt","Norm","Norm","1Fam","2Story",8,5,2005,2005,"Gable","CompShg","VinylSd","VinylSd","BrkFace",280,"Gd","TA","PConc","Gd","TA","Av","GLQ",546,"Unf",0,512,1058,"GasA","Ex","Y","SBrkr",1058,846,0,1904,1,0,2,1,3,1,"Ex",8,"Typ",1,"Gd","BuiltIn",2003,"Fin",2,736,"TA","TA","Y",179,60,0,0,0,0,NA,NA,NA,0,6,2006,"WD ","Normal"
"2361",145,527402380,20,"RL",71,9353,"Pave",NA,"Reg","Lvl","AllPub","Inside","Gtl","NAmes","Norm","Norm","1Fam","1Story",4,5,1970,1970,"Gable","CompShg","MetalSd","MetalSd","None",0,"TA","TA","CBlock","TA","TA","No","Unf",0,"Unf",0,864,864,"GasA","Gd","Y","SBrkr",864,0,0,864,0,0,1,0,3,1,"TA",5,"Typ",0,NA,"Attchd",1972,"Unf",1,280,"TA","TA","Y",0,0,0,0,0,0,NA,NA,"Shed",0,7,2006,"Oth","Abnorml"
"744",146,903231130,30,"RM",51,6120,"Pave",NA,"Reg","Lvl","AllPub","Corner","Gtl","BrkSide","Norm","Norm","1Fam","1Story",5,7,1931,1993,"Gable","CompShg","Wd Sdng","Wd Sdng","None",0,"TA","TA","BrkTil","TA","TA","No","BLQ",209,"Unf",0,506,715,"GasA","TA","Y","FuseA",875,0,0,875,1,0,1,0,2,1,"TA",5,"Typ",0,NA,"Detchd",1931,"Unf",1,180,"Fa","TA","Y",48,0,0,0,0,0,NA,NA,NA,0,11,2009,"WD ","Normal"
"1684",147,527455250,20,"RL",65,7150,"Pave",NA,"Reg","Lvl","AllPub","Inside","Gtl","NAmes","Norm","Norm","1Fam","1Story",5,6,1966,1966,"Hip","CompShg","HdBoard","HdBoard","BrkFace",52,"TA","TA","CBlock","TA","TA","No","BLQ",725,"Unf",0,263,988,"GasA","TA","Y","SBrkr",988,0,0,988,1,0,1,0,3,1,"TA",5,"Typ",0,NA,"Detchd",1974,"Unf",1,360,"TA","TA","Y",0,0,0,0,0,0,NA,NA,NA,0,11,2007,"WD ","Normal"
"2314",148,527107030,60,"RL",NA,13031,"Pave",NA,"IR2","Lvl","AllPub","Corner","Gtl","Gilbert","Norm","Norm","1Fam","2Story",6,5,1995,1996,"Gable","CompShg","HdBoard","HdBoard","None",0,"TA","TA","PConc","Gd","TA","No","ALQ",592,"Unf",0,99,691,"GasA","Gd","Y","SBrkr",691,807,0,1498,0,0,2,1,3,1,"TA",6,"Typ",1,"TA","Attchd",1995,"Fin",2,409,"TA","TA","Y",315,44,0,0,0,0,NA,NA,NA,0,7,2006,"WD ","Normal"
"1645",149,527301280,20,"RL",NA,10960,"Pave",NA,"IR1","Lvl","AllPub","Inside","Gtl","NWAmes","Norm","Norm","1Fam","1Story",6,5,1984,1984,"Hip","CompShg","HdBoard","HdBoard","None",0,"TA","TA","CBlock","Gd","TA","No","GLQ",256,"Unf",0,1028,1284,"GasA","TA","Y","SBrkr",1284,0,0,1284,1,0,2,0,3,1,"TA",5,"Typ",0,NA,"Attchd",1984,"Unf",2,480,"TA","TA","Y",0,0,192,0,0,0,NA,NA,NA,0,4,2007,"COD","Abnorml"
"552",150,531475220,90,"RL",75,8250,"Pave",NA,"Reg","Lvl","AllPub","Inside","Gtl","SawyerW","Norm","Norm","Duplex","2Story",6,7,1981,1981,"Gable","CompShg","Wd Sdng","Wd Shng","None",0,"TA","TA","Slab",NA,NA,NA,NA,0,NA,0,0,0,"GasA","TA","Y","SBrkr",964,918,0,1882,0,0,2,0,4,2,"TA",8,"Typ",2,"TA","Attchd",1981,"Unf",2,612,"TA","TA","Y",0,0,0,0,0,0,NA,NA,NA,0,5,2009,"WD ","Normal"
"2148",151,907260040,20,"RL",70,8749,"Pave",NA,"Reg","Lvl","AllPub","Inside","Gtl","CollgCr","Norm","Norm","1Fam","1Story",7,5,2002,2002,"Gable","CompShg","VinylSd","VinylSd","BrkFace",100,"Gd","TA","PConc","Gd","TA","No","Unf",0,"Unf",0,1459,1459,"GasA","Ex","Y","SBrkr",1459,0,0,1459,0,0,2,0,3,1,"Gd",6,"Typ",1,"Gd","Attchd",2002,"RFn",2,527,"TA","TA","Y",192,39,0,0,0,0,NA,NA,NA,0,9,2007,"WD ","Normal"
"348",152,527108070,20,"RL",42,14892,"Pave",NA,"IR1","HLS","AllPub","CulDSac","Gtl","Gilbert","Norm","Norm","1Fam","1Story",9,5,2006,2007,"Gable","CompShg","VinylSd","VinylSd","Stone",160,"Ex","TA","PConc","Ex","TA","Gd","GLQ",1320,"Unf",0,426,1746,"GasA","Ex","Y","SBrkr",1746,0,0,1746,1,0,2,0,3,1,"Ex",7,"Typ",2,"Gd","Attchd",2006,"Fin",3,758,"TA","TA","Y",201,39,0,0,0,0,NA,NA,NA,0,10,2009,"WD ","Normal"
"2469",153,528488120,20,"FV",62,7500,"Pave","Pave","Reg","Lvl","AllPub","Inside","Gtl","Somerst","Norm","Norm","1Fam","1Story",7,5,2005,2005,"Gable","CompShg","VinylSd","VinylSd","None",0,"Gd","TA","PConc","Gd","TA","No","Unf",0,"Unf",0,1257,1257,"GasA","Ex","Y","SBrkr",1266,0,0,1266,0,0,2,0,3,1,"Gd",6,"Typ",1,"TA","Attchd",2005,"Unf",2,453,"TA","TA","Y",38,144,0,0,0,0,NA,NA,NA,0,4,2006,"WD ","Normal"
"858",154,907202130,20,"RL",NA,9286,"Pave",NA,"IR1","Lvl","AllPub","CulDSac","Mod","CollgCr","Norm","Norm","1Fam","1Story",5,7,1977,1989,"Gable","CompShg","HdBoard","Plywood","None",0,"TA","TA","CBlock","Gd","Gd","Av","ALQ",196,"Unf",0,1072,1268,"GasA","TA","Y","SBrkr",1268,0,0,1268,0,0,1,1,3,1,"Gd",5,"Typ",0,NA,"Detchd",1978,"Unf",1,252,"TA","TA","Y",173,0,0,0,0,0,NA,NA,NA,0,10,2009,"WD ","Normal"
"1803",155,528480180,20,"FV",84,10440,"Pave",NA,"Reg","Lvl","AllPub","Corner","Gtl","Somerst","Norm","Norm","1Fam","1Story",8,5,2007,2007,"Gable","CompShg","CemntBd","CmentBd","None",0,"Ex","TA","PConc","Gd","TA","Mn","Unf",0,"Unf",0,1574,1574,"GasA","Ex","Y","SBrkr",1584,0,0,1584,0,0,2,0,2,1,"Ex",6,"Typ",1,"Gd","Attchd",2007,"Fin",2,594,"TA","TA","Y",0,256,0,0,0,0,NA,NA,NA,0,5,2007,"New","Partial"
"727",156,902477120,30,"C (all)",60,7879,"Pave",NA,"Reg","Lvl","AllPub","Inside","Gtl","IDOTRR","Norm","Norm","1Fam","1Story",4,5,1920,1950,"Gable","CompShg","Wd Sdng","Wd Sdng","None",0,"TA","TA","CBlock","TA","TA","No","Rec",495,"Unf",0,225,720,"GasA","TA","N","FuseA",720,0,0,720,0,0,1,0,2,1,"TA",4,"Typ",0,NA,NA,NA,NA,0,0,NA,NA,"N",0,523,115,0,0,0,NA,"GdWo",NA,0,11,2009,"WD ","Abnorml"
"448",157,528166060,20,"RL",103,13472,"Pave",NA,"Reg","Lvl","AllPub","Inside","Gtl","NridgHt","Norm","Norm","1Fam","1Story",10,5,2003,2003,"Hip","CompShg","VinylSd","VinylSd","BrkFace",922,"Ex","TA","PConc","Ex","TA","Gd","GLQ",56,"Unf",0,2336,2392,"GasA","Ex","Y","SBrkr",2392,0,0,2392,0,0,2,0,3,1,"Ex",8,"Typ",1,"Ex","Attchd",2003,"Fin",3,968,"TA","TA","Y",248,105,0,0,0,0,NA,NA,NA,0,6,2009,"WD ","Normal"
"293",158,909250060,50,"RL",50,9638,"Pave",NA,"Reg","Lvl","AllPub","Inside","Gtl","SWISU","Feedr","Norm","1Fam","1.5Fin",6,7,1919,1990,"Gable","CompShg","Wd Sdng","Wd Shng","None",0,"TA","TA","PConc","TA","TA","No","Unf",0,"Unf",0,804,804,"GasA","Ex","Y","SBrkr",1699,748,0,2447,0,0,2,0,4,1,"Gd",10,"Min2",1,"Gd","Detchd",1969,"Unf",1,336,"TA","TA","Y",272,0,42,0,116,0,NA,NA,NA,0,3,2010,"WD ","Normal"
"1212",159,534403050,20,"RL",75,8250,"Pave",NA,"Reg","Lvl","AllPub","Inside","Gtl","NAmes","Norm","Norm","1Fam","1Story",6,7,1964,1964,"Hip","CompShg","HdBoard","HdBoard","Stone",260,"TA","TA","CBlock","Gd","TA","No","Rec",787,"Unf",0,305,1092,"GasA","Ex","Y","SBrkr",1092,0,0,1092,1,0,1,0,3,1,"TA",6,"Typ",0,NA,"Attchd",1964,"RFn",2,504,"TA","Gd","Y",0,0,0,0,0,0,NA,"MnPrv",NA,0,7,2008,"WD ","Normal"
"107",160,533253060,120,"RL",30,4420,"Pave",NA,"IR1","Lvl","AllPub","CulDSac","Gtl","Greens","Norm","Norm","TwnhsE","1Story",8,5,1980,1980,"Gable","CompShg","Wd Sdng","Wd Sdng","None",0,"Gd","TA","CBlock","Gd","TA","Gd","GLQ",728,"Unf",0,0,728,"GasA","TA","Y","SBrkr",788,0,0,788,1,0,1,0,1,1,"Gd",3,"Typ",1,"TA","Detchd",1980,"Fin",2,484,"TA","TA","Y",133,42,0,0,0,0,NA,NA,NA,0,6,2010,"WD ","Normal"
"2656",161,902207080,20,"RM",49,5820,"Pave",NA,"Reg","Lvl","AllPub","Inside","Gtl","OldTown","Norm","Norm","1Fam","1Story",3,8,1955,2005,"Gable","CompShg","VinylSd","VinylSd","None",0,"TA","Gd","CBlock","TA","TA","No","ALQ",256,"Unf",0,906,1162,"GasA","Ex","Y","SBrkr",1163,0,0,1163,1,0,1,0,3,1,"TA",6,"Typ",0,NA,"Attchd",1955,"Unf",1,220,"Fa","TA","Y",142,98,0,0,0,0,NA,NA,NA,0,7,2006,"WD ","Normal"
"2843",162,909101190,75,"RL",60,6204,"Pave",NA,"Reg","Bnk","AllPub","Inside","Gtl","SWISU","Norm","Norm","1Fam","2.5Fin",4,5,1912,1950,"Gable","CompShg","Wd Sdng","Wd Sdng","None",0,"Gd","TA","PConc","TA","Fa","No","Unf",0,"Unf",0,795,795,"GasA","TA","N","SBrkr",954,795,481,2230,1,0,1,0,5,1,"TA",10,"Typ",0,NA,"Detchd",1997,"Unf",1,440,"TA","Gd","Y",0,188,0,0,0,0,NA,NA,NA,0,3,2006,"WD ","Normal"
"1002",163,527140090,120,"RL",41,5395,"Pave",NA,"IR1","HLS","AllPub","Inside","Gtl","StoneBr","Norm","Norm","TwnhsE","1Story",8,5,1993,1993,"Gable","CompShg","HdBoard","HdBoard","None",0,"Gd","TA","PConc","Gd","TA","No","GLQ",733,"Unf",0,604,1337,"GasA","Gd","Y","SBrkr",1337,0,0,1337,1,0,2,0,2,1,"Gd",5,"Typ",1,"TA","Attchd",1993,"RFn",2,462,"TA","TA","Y",96,0,70,168,0,0,NA,NA,NA,0,10,2008,"WD ","Normal"
"2435",164,528240080,60,"RL",106,11194,"Pave",NA,"IR1","Lvl","AllPub","Corner","Gtl","Gilbert","Norm","Norm","1Fam","2Story",8,5,2000,2000,"Gable","CompShg","VinylSd","VinylSd","BrkFace",40,"Gd","TA","PConc","Gd","TA","No","Unf",0,"Unf",0,1406,1406,"GasA","Ex","Y","SBrkr",1454,482,0,1936,0,0,2,1,3,1,"Gd",7,"Typ",1,"TA","Attchd",2000,"RFn",2,504,"TA","TA","Y",188,124,0,0,0,0,NA,NA,NA,0,11,2006,"WD ","Normal"
"2087",165,905478220,50,"RL",60,11100,"Pave",NA,"Reg","Lvl","AllPub","Inside","Gtl","Edwards","Norm","Norm","1Fam","1.5Fin",5,6,1951,1994,"Gable","CompShg","Wd Sdng","Wd Sdng","None",0,"TA","TA","PConc","TA","TA","Mn","LwQ",1080,"Unf",0,0,1080,"GasA","TA","N","SBrkr",1080,400,0,1480,1,0,1,0,4,1,"TA",7,"Typ",1,"Gd","Attchd",1951,"Unf",1,253,"TA","TA","Y",0,0,68,0,0,0,NA,NA,NA,0,7,2007,"WD ","Normal"
"2100",166,906378150,20,"RL",93,10481,"Pave",NA,"IR1","Lvl","AllPub","Inside","Gtl","CollgCr","Norm","Norm","1Fam","1Story",8,5,2006,2007,"Hip","CompShg","CemntBd","CmentBd","None",0,"Gd","TA","PConc","Gd","TA","Av","Unf",0,"Unf",0,2140,2140,"GasA","Ex","Y","SBrkr",2140,0,0,2140,0,0,2,1,3,1,"Gd",8,"Typ",0,NA,"Attchd",2006,"Fin",3,894,"TA","TA","Y",136,32,0,0,0,0,NA,NA,NA,0,6,2007,"New","Partial"
"2460",167,528445010,20,"RL",85,10936,"Pave",NA,"Reg","Lvl","AllPub","Corner","Gtl","Somerst","Feedr","Norm","1Fam","1Story",8,5,2006,2006,"Gable","CompShg","VinylSd","VinylSd","BrkFace",60,"Gd","TA","PConc","Gd","TA","No","Unf",0,"Unf",0,1504,1504,"GasA","Ex","Y","SBrkr",1504,0,0,1504,0,0,2,0,3,1,"Gd",7,"Typ",0,NA,"Attchd",2006,"Fin",2,510,"TA","TA","Y",144,0,0,0,0,0,NA,NA,NA,0,9,2006,"New","Partial"
"498",168,528344040,60,"RL",NA,16545,"Pave",NA,"IR1","Lvl","AllPub","Inside","Gtl","NoRidge","Norm","Norm","1Fam","2Story",8,5,1998,1998,"Gable","CompShg","VinylSd","VinylSd","BrkFace",731,"Gd","TA","PConc","Gd","TA","Mn","GLQ",781,"Unf",0,503,1284,"GasA","Ex","Y","SBrkr",1310,1140,0,2450,1,0,2,1,3,1,"Gd",7,"Typ",1,"TA","Attchd",1998,"Fin",3,1069,"TA","TA","Y",0,126,0,0,0,0,NA,NA,NA,0,5,2009,"WD ","Normal"
"2172",169,908127060,50,"RL",74,16287,"Pave",NA,"Reg","Lvl","AllPub","Inside","Gtl","Edwards","Norm","Norm","1Fam","1.5Fin",5,6,1925,1950,"Gable","CompShg","VinylSd","VinylSd","None",0,"TA","Gd","CBlock","TA","TA","No","ALQ",130,"BLQ",105,666,901,"GasA","TA","Y","SBrkr",901,450,0,1351,1,0,1,0,3,1,"TA",7,"Typ",1,"Gd","Detchd",1975,"Unf",2,576,"TA","TA","N",0,0,43,0,100,0,NA,NA,NA,0,7,2007,"WD ","Normal"
"1510",170,908275180,50,"RL",60,8172,"Pave",NA,"Reg","Lvl","AllPub","Inside","Gtl","Edwards","Norm","Norm","1Fam","1.5Fin",4,6,1954,1972,"Gable","CompShg","MetalSd","MetalSd","None",0,"TA","TA","PConc","TA","TA","No","Unf",0,"Unf",0,941,941,"GasA","Ex","Y","SBrkr",997,473,0,1470,0,0,2,0,4,1,"TA",7,"Typ",0,NA,"Detchd",1958,"Unf",1,548,"TA","TA","Y",0,0,0,0,156,0,NA,NA,NA,0,5,2008,"WD ","Normal"
"1371",171,903484020,50,"RM",60,10320,"Pave","Grvl","Reg","Lvl","AllPub","Inside","Gtl","IDOTRR","Norm","Norm","1Fam","1.5Fin",6,7,1906,1995,"Gable","CompShg","MetalSd","MetalSd","None",0,"TA","TA","CBlock","TA","TA","No","Unf",0,"Unf",0,756,756,"GasA","Ex","Y","SBrkr",756,713,0,1469,0,0,1,0,3,1,"TA",7,"Typ",0,NA,"Detchd",1906,"Unf",1,216,"TA","TA","Y",57,0,239,0,0,0,NA,"MnPrv",NA,0,6,2008,"WD ","Normal"
"300",172,909455040,120,"RM",35,3907,"Pave",NA,"IR1","HLS","AllPub","Inside","Mod","Blueste","Norm","Norm","TwnhsE","1Story",8,5,1989,1989,"Gable","CompShg","HdBoard","HdBoard","None",0,"Gd","TA","CBlock","Gd","TA","Av","GLQ",76,"Unf",0,1115,1191,"GasA","Gd","Y","SBrkr",1191,0,0,1191,0,0,2,0,2,1,"Gd",5,"Typ",1,"TA","Attchd",1989,"Unf",2,531,"TA","TA","Y",112,81,0,0,0,0,NA,NA,NA,0,3,2010,"WD ","Normal"
"1617",173,527107040,60,"RL",NA,10364,"Pave",NA,"IR1","Lvl","AllPub","Inside","Gtl","Gilbert","Norm","Norm","1Fam","2Story",6,5,1995,1996,"Gable","CompShg","MetalSd","MetalSd","None",0,"TA","TA","PConc","Gd","TA","No","Unf",0,"Unf",0,806,806,"GasA","Gd","Y","SBrkr",806,766,0,1572,0,0,2,1,3,1,"TA",7,"Typ",1,"TA","BuiltIn",1995,"Fin",2,373,"TA","TA","Y",0,40,0,0,0,0,NA,NA,NA,0,5,2007,"WD ","Normal"
"2475",174,531375100,20,"RL",63,13072,"Pave",NA,"Reg","Lvl","AllPub","Inside","Gtl","SawyerW","RRAe","Norm","1Fam","1Story",6,5,2004,2004,"Gable","CompShg","VinylSd","VinylSd","None",0,"TA","TA","PConc","Gd","TA","No","ALQ",941,"Unf",0,217,1158,"GasA","Ex","Y","SBrkr",1158,0,0,1158,1,0,1,1,3,1,"Gd",5,"Typ",0,NA,"Detchd",2006,"Unf",2,576,"TA","TA","Y",0,50,0,0,0,0,NA,NA,NA,0,5,2006,"New","Partial"
"517",175,528456240,20,"FV",75,7862,"Pave",NA,"IR1","Lvl","AllPub","Inside","Gtl","Somerst","Norm","Norm","1Fam","1Story",6,5,2009,2009,"Gable","CompShg","VinylSd","VinylSd","None",0,"Gd","TA","PConc","Gd","TA","No","GLQ",27,"Unf",0,1191,1218,"GasA","Ex","Y","SBrkr",1218,0,0,1218,0,0,2,0,2,1,"Gd",4,"Typ",0,NA,"Attchd",2009,"Fin",2,676,"TA","TA","Y",0,102,0,0,0,0,NA,NA,NA,0,9,2009,"New","Partial"
"1458",176,907254020,60,"RL",73,9066,"Pave",NA,"IR1","Lvl","AllPub","Inside","Gtl","CollgCr","Norm","Norm","1Fam","2Story",8,5,1999,2000,"Gable","CompShg","VinylSd","VinylSd","BrkFace",320,"Gd","TA","PConc","Gd","TA","Mn","GLQ",668,"Unf",0,336,1004,"GasA","Ex","Y","SBrkr",1004,848,0,1852,0,0,2,1,3,1,"Gd",7,"Typ",2,"TA","Attchd",1999,"Fin",3,660,"TA","TA","Y",224,106,0,0,0,0,NA,"GdPrv",NA,0,12,2008,"WD ","Normal"
"1845",177,533221030,160,"FV",NA,2117,"Pave",NA,"Reg","Lvl","AllPub","Inside","Gtl","Somerst","Norm","Norm","TwnhsE","2Story",6,5,2000,2000,"Gable","CompShg","MetalSd","MetalSd","BrkFace",513,"Gd","TA","PConc","Gd","TA","No","GLQ",420,"Unf",0,336,756,"GasA","Ex","Y","SBrkr",756,756,0,1512,0,0,2,1,2,1,"Gd",4,"Typ",1,"TA","Detchd",2000,"Unf",2,440,"TA","TA","Y",0,32,0,0,0,0,NA,NA,NA,0,6,2007,"WD ","Normal"
"2155",178,907280100,20,"RL",90,11248,"Pave",NA,"IR1","Lvl","AllPub","Corner","Gtl","CollgCr","Norm","Norm","1Fam","1Story",9,5,2002,2002,"Hip","CompShg","VinylSd","VinylSd","Stone",215,"Gd","TA","PConc","Gd","TA","Av","GLQ",1059,"Unf",0,567,1626,"GasA","Ex","Y","SBrkr",1668,0,0,1668,1,0,2,0,3,1,"Gd",7,"Typ",1,"TA","Attchd",2002,"Fin",3,702,"TA","TA","Y",257,45,0,0,0,0,NA,NA,NA,0,7,2007,"WD ","Normal"
"516",179,528456220,60,"FV",75,9000,"Pave",NA,"Reg","Lvl","AllPub","Inside","Gtl","Somerst","Norm","Norm","1Fam","2Story",8,5,2008,2008,"Gable","CompShg","VinylSd","VinylSd","None",0,"Gd","TA","PConc","Gd","TA","No","Unf",0,"Unf",0,768,768,"GasA","Ex","Y","SBrkr",786,804,0,1590,0,0,2,1,3,1,"Gd",6,"Typ",0,NA,"Attchd",2008,"RFn",2,676,"TA","TA","Y",0,30,0,0,0,0,NA,NA,NA,0,6,2009,"WD ","Normal"
"2918",180,923228180,160,"RM",21,1533,"Pave",NA,"Reg","Lvl","AllPub","Inside","Gtl","MeadowV","Norm","Norm","Twnhs","2Story",4,5,1970,1970,"Gable","CompShg","CemntBd","CmentBd","None",0,"TA","TA","CBlock","TA","TA","No","Rec",408,"Unf",0,138,546,"GasA","TA","Y","SBrkr",546,546,0,1092,0,0,1,1,3,1,"TA",5,"Typ",0,NA,"CarPort",1970,"Unf",1,286,"TA","TA","Y",0,0,0,0,0,0,NA,NA,NA,0,12,2006,"WD ","Abnorml"
"540",181,531375040,20,"RL",63,13072,"Pave",NA,"Reg","Lvl","AllPub","Inside","Gtl","SawyerW","RRAe","Norm","1Fam","1Story",7,5,2004,2005,"Gable","CompShg","VinylSd","VinylSd","None",0,"Gd","TA","PConc","Gd","TA","No","Unf",0,"Unf",0,1114,1114,"GasA","Ex","Y","SBrkr",1114,0,0,1114,0,0,1,1,3,1,"Gd",6,"Typ",0,NA,"Detchd",2005,"Unf",2,576,"TA","TA","Y",248,102,0,0,0,0,NA,NA,NA,0,5,2009,"WD ","Normal"
"844",182,907180130,20,"RL",78,10335,"Pave",NA,"IR1","Lvl","AllPub","Inside","Gtl","CollgCr","Norm","Norm","1Fam","1Story",7,5,1999,1999,"Gable","CompShg","VinylSd","VinylSd","BrkFace",183,"Gd","TA","PConc","Gd","TA","Gd","GLQ",679,"Unf",0,811,1490,"GasA","Ex","Y","SBrkr",1501,0,0,1501,1,0,2,0,3,1,"Gd",6,"Typ",0,NA,"Attchd",1999,"RFn",2,577,"TA","TA","Y",144,29,0,0,0,0,NA,NA,NA,0,6,2009,"WD ","Normal"
"442",183,528138010,20,"RL",102,13514,"Pave",NA,"IR1","Lvl","AllPub","Corner","Gtl","NridgHt","Norm","Norm","1Fam","1Story",9,5,2008,2008,"Hip","CompShg","VinylSd","VinylSd","None",285,"Ex","TA","PConc","Ex","TA","No","GLQ",1142,"Unf",0,632,1774,"GasA","Ex","Y","SBrkr",1808,0,0,1808,1,0,2,0,3,1,"Ex",7,"Typ",1,"Gd","Attchd",2008,"Fin",3,850,"TA","TA","Y",200,26,0,0,0,0,NA,NA,NA,0,3,2009,"WD ","Normal"
"270",184,907290240,120,"RM",NA,4426,"Pave",NA,"Reg","Lvl","AllPub","Inside","Gtl","CollgCr","Norm","Norm","TwnhsE","1Story",6,5,2004,2004,"Gable","CompShg","VinylSd","VinylSd","BrkFace",169,"Gd","TA","PConc","Gd","TA","Av","GLQ",662,"Unf",0,186,848,"GasA","Ex","Y","SBrkr",848,0,0,848,1,0,1,0,1,1,"Gd",3,"Typ",0,NA,"Attchd",2004,"RFn",2,420,"TA","TA","Y",160,0,0,0,0,0,NA,NA,NA,0,5,2010,"WD ","Normal"
"706",185,902201110,50,"RM",50,6000,"Pave",NA,"Reg","Lvl","AllPub","Inside","Gtl","OldTown","Norm","Norm","1Fam","1.5Fin",5,7,1950,1970,"Gable","CompShg","Wd Sdng","Wd Sdng","None",0,"TA","Ex","CBlock","TA","TA","No","BLQ",384,"Unf",0,384,768,"GasA","TA","Y","FuseA",768,560,0,1328,0,0,1,1,3,1,"TA",6,"Typ",0,NA,"Detchd",1950,"Unf",1,308,"TA","TA","Y",0,12,0,0,0,0,NA,"MnPrv",NA,0,3,2009,"WD ","Normal"
"937",186,909452050,80,"RL",NA,13607,"Pave",NA,"IR1","Lvl","AllPub","Inside","Gtl","Crawfor","Norm","Norm","1Fam","SLvl",6,6,1986,1986,"Gable","CompShg","VinylSd","VinylSd","BrkFace",242,"TA","Gd","CBlock","TA","TA","No","ALQ",454,"Unf",0,118,572,"GasA","Gd","Y","SBrkr",1182,800,0,1982,1,0,2,1,3,1,"TA",6,"Typ",1,"TA","BuiltIn",1986,"Fin",2,501,"TA","TA","Y",400,112,0,0,0,0,NA,NA,"Shed",1500,4,2009,"WD ","Normal"
"2345",187,527325160,60,"RL",NA,16659,"Pave",NA,"IR1","Lvl","AllPub","Corner","Gtl","NWAmes","PosA","Norm","1Fam","2Story",7,7,1977,1994,"Gable","CompShg","Plywood","Plywood","BrkFace",34,"TA","TA","CBlock","TA","TA","No","ALQ",795,"Unf",0,0,795,"GasA","Fa","Y","SBrkr",1468,795,0,2263,1,0,2,1,3,1,"Gd",9,"Typ",1,"TA","Attchd",1977,"Fin",2,539,"TA","TA","Y",0,250,0,0,0,0,NA,NA,NA,0,3,2006,"WD ","Normal"
"340",188,924151040,20,"RL",76,9892,"Pave",NA,"Reg","Lvl","AllPub","Inside","Mod","Mitchel","Norm","Norm","1Fam","1Story",8,5,1994,1995,"Hip","CompShg","VinylSd","VinylSd","None",0,"Gd","Gd","PConc","Gd","Gd","Gd","GLQ",1341,"LwQ",284,54,1679,"GasA","Ex","Y","SBrkr",1803,0,0,1803,1,1,2,1,3,1,"Gd",6,"Typ",2,"TA","Attchd",1994,"Unf",2,482,"TA","TA","Y",129,64,222,0,0,0,NA,"GdWo",NA,0,2,2010,"WD ","Normal"
"953",189,914476020,90,"RL",75,10125,"Pave",NA,"Reg","Lvl","AllPub","Inside","Gtl","Mitchel","Norm","Norm","Duplex","1.5Fin",5,5,1977,1977,"Gable","CompShg","Plywood","Plywood","None",0,"TA","TA","CBlock",NA,NA,NA,NA,0,NA,0,0,0,"GasA","TA","Y","SBrkr",1302,432,0,1734,0,0,2,0,4,2,"Gd",8,"Typ",0,NA,"Attchd",1977,"Unf",2,539,"TA","TA","Y",0,0,0,0,0,0,NA,NA,NA,0,8,2009,"COD","Normal"
"888",190,908128060,85,"RL",64,7301,"Pave",NA,"Reg","Lvl","AllPub","Corner","Gtl","Edwards","Norm","Norm","1Fam","SFoyer",7,5,2003,2003,"Gable","CompShg","HdBoard","HdBoard","BrkFace",500,"Gd","TA","Slab",NA,NA,NA,NA,0,NA,0,0,0,"GasA","Ex","Y","SBrkr",495,1427,0,1922,0,0,3,0,4,1,"Gd",7,"Typ",1,"Ex","BuiltIn",2003,"RFn",2,672,"TA","TA","Y",0,0,177,0,0,0,NA,NA,NA,0,7,2009,"ConLD","Normal"
"1291",191,902107030,75,"RM",60,6000,"Pave",NA,"Reg","Lvl","AllPub","Inside","Gtl","OldTown","Norm","Norm","1Fam","2.5Unf",6,7,1915,2005,"Gable","CompShg","Wd Sdng","Wd Sdng","None",0,"Gd","TA","BrkTil","TA","TA","No","Unf",0,"Unf",0,728,728,"GasA","Gd","Y","SBrkr",728,728,0,1456,0,0,1,1,4,1,"Gd",7,"Typ",0,NA,"Detchd",1915,"Unf",1,308,"Fa","Fa","N",0,0,248,0,0,0,NA,NA,NA,0,6,2008,"WD ","Normal"
"2333",192,527212030,60,"RL",85,16056,"Pave",NA,"IR1","Lvl","AllPub","Inside","Gtl","StoneBr","Norm","Norm","1Fam","2Story",9,5,2005,2006,"Hip","CompShg","CemntBd","CmentBd","Stone",208,"Gd","TA","PConc","Ex","TA","Av","GLQ",240,"Unf",0,1752,1992,"GasA","Ex","Y","SBrkr",1992,876,0,2868,0,0,3,1,4,1,"Ex",11,"Typ",1,"Gd","BuiltIn",2005,"Fin",3,716,"TA","TA","Y",214,108,0,0,0,0,NA,NA,NA,0,7,2006,"New","Partial"
"2821",193,908103320,90,"RL",35,9400,"Pave",NA,"IR1","Lvl","AllPub","CulDSac","Gtl","Edwards","Norm","Norm","Duplex","SFoyer",6,5,1975,1975,"Flat","Tar&Grv","WdShing","Plywood","BrkFace",250,"TA","TA","CBlock","Gd","Gd","Gd","GLQ",945,"Unf",0,0,945,"GasA","TA","Y","SBrkr",980,0,0,980,0,2,2,0,4,0,"TA",4,"Typ",0,NA,NA,NA,NA,0,0,NA,NA,"Y",0,0,0,0,0,0,NA,NA,NA,0,10,2006,"WD ","AdjLand"
"1526",194,909252110,70,"RL",63,15576,"Pave",NA,"Reg","Lvl","AllPub","Inside","Gtl","Crawfor","Norm","Norm","1Fam","2Story",6,7,1915,1976,"Gable","CompShg","Wd Sdng","Plywood","None",0,"TA","TA","BrkTil","Gd","TA","No","Unf",0,"Unf",0,840,840,"GasA","Ex","Y","SBrkr",840,840,0,1680,0,0,2,0,4,1,"TA",8,"Typ",0,NA,"Attchd",1960,"Unf",1,308,"TA","TA","Y",0,0,160,0,0,0,NA,NA,NA,0,3,2008,"WD ","Normal"
"1931",195,535301060,20,"RL",60,11556,"Pave",NA,"Reg","Lvl","AllPub","Inside","Gtl","NAmes","Norm","Norm","1Fam","1Story",5,9,1953,2006,"Gable","CompShg","VinylSd","MetalSd","None",0,"TA","Ex","CBlock","TA","TA","No","BLQ",408,"Unf",0,456,864,"GasA","Gd","Y","SBrkr",1154,0,0,1154,0,0,1,1,3,1,"Ex",6,"Typ",0,NA,"Detchd",1962,"Unf",1,336,"TA","TA","Y",63,0,0,0,0,0,NA,NA,NA,0,7,2007,"WD ","Normal"
"1067",196,528172080,20,"RL",92,10845,"Pave",NA,"IR1","Lvl","AllPub","Corner","Gtl","NridgHt","Norm","Norm","1Fam","1Story",8,5,2003,2004,"Gable","CompShg","VinylSd","VinylSd","BrkFace",504,"Gd","TA","PConc","Gd","TA","Mn","GLQ",1149,"Unf",0,454,1603,"GasA","Ex","Y","SBrkr",1575,0,0,1575,1,0,2,0,2,1,"Gd",7,"Typ",1,"TA","Attchd",2003,"Fin",3,732,"TA","TA","Y",216,28,0,0,0,0,NA,NA,NA,0,6,2008,"WD ","Normal"
"2255",197,914478100,85,"RL",82,8410,"Pave",NA,"IR1","Lvl","AllPub","Corner","Gtl","Mitchel","Norm","Norm","1Fam","SFoyer",6,6,1974,1974,"Gable","CompShg","Plywood","Plywood","None",0,"TA","TA","CBlock","Gd","TA","Av","ALQ",924,"Unf",0,46,970,"GasA","TA","Y","SBrkr",1026,0,0,1026,1,0,1,0,2,1,"TA",5,"Typ",1,"Po","Attchd",1974,"Unf",2,528,"TA","TA","Y",193,0,0,0,0,0,NA,NA,NA,0,4,2007,"WD ","Normal"
"2479",198,531450040,60,"RL",65,7153,"Pave",NA,"Reg","Lvl","AllPub","Inside","Gtl","SawyerW","Norm","Norm","1Fam","2Story",6,5,1992,1992,"Gable","CompShg","VinylSd","VinylSd","None",0,"Gd","Gd","PConc","Gd","TA","No","ALQ",387,"Unf",0,374,761,"GasA","Ex","Y","SBrkr",810,793,0,1603,0,0,2,1,3,1,"Gd",7,"Typ",0,NA,"Attchd",1992,"RFn",2,484,"TA","TA","Y",0,124,0,0,0,0,NA,NA,NA,0,7,2006,"WD ","Normal"
"1138",199,531376010,60,"RL",65,8366,"Pave",NA,"IR1","Lvl","AllPub","Inside","Gtl","SawyerW","Norm","Norm","1Fam","2Story",6,5,2004,2004,"Gable","CompShg","VinylSd","VinylSd","None",0,"Gd","TA","PConc","Gd","TA","No","Unf",0,"Unf",0,798,798,"GasA","Ex","Y","SBrkr",798,842,0,1640,0,0,2,1,3,1,"Gd",6,"Typ",0,NA,"Attchd",2004,"RFn",2,520,"TA","TA","Y",138,45,0,0,0,0,NA,NA,NA,0,12,2008,"WD ","Normal"
"761",200,903484110,190,"RM",60,10320,"Pave","Grvl","Reg","Bnk","AllPub","Inside","Gtl","IDOTRR","Artery","Norm","2fmCon","2Story",6,7,1915,1965,"Gable","CompShg","MetalSd","MetalSd","None",0,"TA","Gd","CBlock","TA","TA","No","Rec",276,"ALQ",262,160,698,"GasA","Ex","Y","FuseF",754,649,0,1403,1,0,1,1,3,1,"TA",7,"Typ",0,NA,"Detchd",1915,"Unf",1,308,"TA","TA","Y",0,0,288,0,0,0,NA,NA,NA,0,2,2009,"WD ","Normal"
